字典属性,商品属性,相似性,商品属性所在短句,短句积极性,短句消极性,置信度,情感类别
性价比,感受,0.66,整体感受不如第一次,0.00727444,0.992726,0.983835,0
性价比,用时,0.64,总共用时4个半小时,0.438571,0.561429,0.0253973,0
性价比,游玩,0.614,来南京游玩首选景点之一,0.999841,0.000159047,0.999647,2
性价比,深度,0.666,值得深度细细游览,0.995402,0.00459807,0.989782,2
性价比,接受,0.908,有点接受不了呢,0.00749171,0.992508,0.983352,0
环境和景观,人文,0.611,尽显人文文化的气息,0.993865,0.00613503,0.986367,2
环境和景观,景观,0.615,每一个精心设计的小景观,0.994937,0.00506271,0.98875,2
性价比,速度,0.705,有时放慢了速度,0.0213078,0.978692,0.952649,0
文化和历史价值,娱乐,0.567,妄想在娱乐的空间,0.708504,0.291496,0.35223,2
环境和景观,名胜,0.615,南京乃六朝古都之千年名胜,0.999662,0.000338164,0.999248,2
性价比,玩,0.633,孩子们玩的特别开心,0.999935,6.52908e-05,0.999855,2
性价比,玩,0.633,可以玩一整天,0.998728,0.00127222,0.997173,2
性价比,玩,0.633,家庭游玩的好去处,0.999779,0.00022122,0.999508,2
性价比,玩,0.633,孩子们玩的特别开心,0.999935,6.52908e-05,0.999855,2
性价比,玩,0.633,可以玩一整天,0.998728,0.00127222,0.997173,2
性价比,玩,0.633,家庭游玩的好去处,0.999779,0.00022122,0.999508,2
性价比,游玩,0.614,家庭游玩的好去处,0.999779,0.00022122,0.999508,2
环境和景观,环境,0.621,环境特别优美,0.999767,0.000233094,0.999482,2
设施和服务,设施,0.621,设施非常齐全,0.999679,0.000321109,0.999286,2
性价比,玩,0.633,和闺蜜一起去牛首山玩,0.995342,0.00465818,0.989648,2
性价比,价格,0.724,"
建议出门地方吃kfc价格和外面一样",0.532316,0.467684,0.353683,1
性价比,价格,0.724,"
建议出门地方吃kfc价格和外面一样",0.532316,0.467684,0.353678,1
性价比,价格,0.724,"
建议出门地方吃kfc价格和外面一样",0.532316,0.467684,0.353678,1
性价比,票价,0.677,之前我和家人都在纠结票价这么贵,0.592832,0.407168,0.0951817,2
性价比,价值,0.748,都是“价值”极高啊,0.803355,0.196645,0.563011,2
性价比,接送车,0.632,上山有接送车20元一个人,0.941328,0.0586723,0.869617,2
环境和景观,环境,0.621,环境不错,0.989503,0.0104973,0.976673,2
环境和景观,卫生,0.62,房间舒适卫生,0.994518,0.00548198,0.987818,2
设施和服务,服务,0.622,服务人员很热情,0.974966,0.0250341,0.944369,2
设施和服务,提供,0.621,乐于提供各种帮助,0.995061,0.00493883,0.989025,2
设施和服务,设施,0.621,房间设施齐全,0.99886,0.00113958,0.997468,2
性价比,性价比,1.0,性价比不高,0.00108894,0.998911,0.99758,0
环境和景观,外部环境,0.625,外部环境也是风景优美,0.99701,0.00299003,0.993356,2
性价比,票价,0.677,票价稍微有一点点高,0.909821,0.0901788,0.799603,2
性价比,优惠,0.682,提前在网上购票优惠,0.990918,0.00908203,0.979818,2
性价比,玩,0.633,南京玩的地方太多,0.947291,0.0527092,0.882869,2
性价比,价格,0.724,车子都能上去的景点卖的价格就显得贵了,0.448169,0.551831,0.00406928,0
性价比,玩,0.633,带家人一起去玩的,0.999541,0.000459395,0.998979,2
环境和景观,环境,0.621,风景环境也不错,0.999494,0.000506291,0.998875,2
性价比,便宜,0.689,门票不便宜,0.875032,0.124968,0.722294,2
设施和服务,服务,0.622,希望配套服务也能跟上,0.821813,0.178187,0.60403,2
性价比,便宜,0.689,门票不便宜,0.875032,0.124968,0.722294,2
设施和服务,服务,0.622,希望配套服务也能跟上,0.821813,0.178187,0.60403,2
性价比,便宜,0.689,门票不便宜,0.875032,0.124968,0.722294,2
设施和服务,服务,0.622,希望配套服务也能跟上,0.821813,0.178187,0.60403,2
文化和历史价值,人民政府,0.559,感谢党和人民政府对退役军人的关怀,0.994586,0.00541376,0.987969,2
性价比,免费,0.624,消防救援人都给予免费政策,0.990718,0.00928231,0.979373,2
设施和服务,服务,0.622,景区售票处对我们服务也不错,0.995461,0.00453873,0.989914,2
性价比,价格,0.724,价格也很低,0.665162,0.334838,0.255915,2
性价比,感受,0.66,感受佛教文化,0.999546,0.000454313,0.99899,2
性价比,玩,0.633,出来玩更重要的心情美丽,0.999869,0.000130826,0.999709,2
性价比,性价比,1.0,我觉得性价比不高,0.00271617,0.997284,0.993964,0
设施和服务,服务,0.622,景区好像没什么服务感受,0.271345,0.728655,0.397012,0
性价比,感受,0.66,景区好像没什么服务感受,0.271345,0.728655,0.397012,0
性价比,高度,0.71,总高度近500米,0.89907,0.10093,0.775712,2
环境和景观,名胜古迹,0.614,游客还可以看到许多名胜古迹,0.919978,0.0800218,0.822174,2
文化和历史价值,公园,0.555,白鹭洲公园等,0.95825,0.0417504,0.907221,2
文化和历史价值,公园,0.555,而白鹭洲公园则是一个美丽的湖泊公园,0.997913,0.00208656,0.995363,2
性价比,成就,0.684,里面有许多关于周杰伦的个人成就及代表作品的展览,0.995027,0.00497249,0.98895,2
文化和历史价值,公园,0.555,白鹭洲公园等,0.95825,0.0417504,0.907221,2
文化和历史价值,公园,0.555,而白鹭洲公园则是一个美丽的湖泊公园,0.997913,0.00208656,0.995363,2
文化和历史价值,公园,0.555,白鹭洲公园等,0.95825,0.0417505,0.907221,2
文化和历史价值,公园,0.555,而白鹭洲公园则是一个美丽的湖泊公园,0.997913,0.00208656,0.995363,2
性价比,票价,0.677,"
节假日人多又步行返回
总体来说还是值回票价",0.993465,0.00653497,0.985478,2
环境和景观,文化底蕴,0.619,文化底蕴深厚,0.99907,0.00093004,0.997933,2
环境和景观,自然景观,0.612,饮马池等自然景观,0.979611,0.0203889,0.954691,2
环境和景观,人文景观,0.612,郑和墓等人文景观,0.987819,0.0121809,0.972931,2
性价比,费用,0.671,费用不高,0.251603,0.748397,0.440882,0
性价比,性价比,1.0,性价比还算可以,0.999075,0.000924703,0.997945,2
设施和服务,自助,0.635,"
有素食自助",0.975038,0.0249617,0.94453,2
设施和服务,自助,0.635,"
有素食自助",0.975038,0.0249617,0.94453,2
性价比,原价,0.702,乘着没有恢复原价,0.0804049,0.919595,0.821322,0
性价比,原价,0.702,恢复原价后就是160元了,0.279073,0.720927,0.379837,0
性价比,原价,0.702,乘着没有恢复原价,0.0804049,0.919595,0.821322,0
性价比,原价,0.702,恢复原价后就是160元了,0.279073,0.720927,0.379837,0
设施和服务,票务,0.64,网上订票的话不需要去票务大厅换票,0.94555,0.0544501,0.879,2
设施和服务,票务,0.64,票务大厅有个自动售卖机是卖集章卡的,0.587796,0.412204,0.0839917,2
设施和服务,票务,0.64,网上订票的话不需要去票务大厅换票,0.94555,0.0544501,0.879,2
设施和服务,票务,0.64,票务大厅有个自动售卖机是卖集章卡的,0.587796,0.412204,0.0839917,2
设施和服务,服务,0.622,大厅左手边服务台上还有几个章,0.837221,0.162779,0.638269,2
性价比,原价,0.702,乘着没有恢复原价,0.0804049,0.919595,0.821322,0
性价比,原价,0.702,恢复原价后就是160元了,0.279073,0.720927,0.379837,0
性价比,原价,0.702,乘着没有恢复原价,0.0804049,0.919595,0.821322,0
性价比,原价,0.702,恢复原价后就是160元了,0.279073,0.720927,0.379837,0
设施和服务,票务,0.64,网上订票的话不需要去票务大厅换票,0.94555,0.0544501,0.879,2
设施和服务,票务,0.64,票务大厅有个自动售卖机是卖集章卡的,0.587796,0.412204,0.0839917,2
设施和服务,票务,0.64,网上订票的话不需要去票务大厅换票,0.94555,0.0544501,0.879,2
设施和服务,票务,0.64,票务大厅有个自动售卖机是卖集章卡的,0.587796,0.412204,0.0839917,2
设施和服务,服务,0.622,大厅左手边服务台上还有几个章,0.837221,0.162779,0.638269,2
环境和景观,景观,0.615,精美的景观让人叹为观止,0.999621,0.000378652,0.999159,2
环境和景观,景观,0.615,弘觉寺等景观,0.96587,0.0341304,0.924155,2
环境和景观,景观,0.615,精美的景观让人叹为观止,0.999621,0.000378652,0.999159,2
环境和景观,景观,0.615,弘觉寺等景观,0.96587,0.0341304,0.924155,2
性价比,玩,0.633,但真正值得玩的就3个景点,0.989764,0.0102361,0.977253,2
性价比,玩,0.633,其余景点可玩可不玩,0.558303,0.441697,0.0184506,2
性价比,玩,0.633,但只要玩了佛顶宫就能值回票价,0.981101,0.0188995,0.958001,2
性价比,玩,0.633,但真正值得玩的就3个景点,0.989764,0.0102361,0.977253,2
性价比,玩,0.633,其余景点可玩可不玩,0.558303,0.441697,0.0184511,2
性价比,玩,0.633,但只要玩了佛顶宫就能值回票价,0.981101,0.0188995,0.958001,2
性价比,玩,0.633,但真正值得玩的就3个景点,0.989764,0.0102361,0.977253,2
性价比,玩,0.633,其余景点可玩可不玩,0.558303,0.441697,0.0184506,2
性价比,玩,0.633,但只要玩了佛顶宫就能值回票价,0.981101,0.0188995,0.958001,2
性价比,票价,0.677,但只要玩了佛顶宫就能值回票价,0.981101,0.0188995,0.958001,2
性价比,感受到,0.6,只有亲身体会才能感受到它的魅力,0.998831,0.00116938,0.997401,2
性价比,便宜,0.689,提前一天买还能便宜10元,0.979964,0.0200358,0.955476,2
性价比,接,0.586,一场接一场,0.798909,0.201091,0.553131,2
性价比,高科技,0.553,高科技,0.99954,0.000460053,0.998978,2
性价比,票价,0.677,160的票价偏高,0.0485957,0.951404,0.89201,0
设施和服务,服务,0.622,没有什么服务不服务的,0.0458574,0.954143,0.898095,0
设施和服务,服务,0.622,没有什么服务不服务的,0.0458574,0.954143,0.898095,0
性价比,玩,0.633,挺好玩的,0.999704,0.000295869,0.999343,2
性价比,玩,0.633,适合带小朋友出来玩,0.999064,0.00093647,0.997919,2
性价比,相比,0.665,门票与其他类似景点相比贵了,0.846034,0.153966,0.657854,2
性价比,玩,0.633,但真正值得玩的就3个景点,0.989764,0.0102361,0.977253,2
性价比,玩,0.633,其余景点可玩可不玩,0.558303,0.441697,0.0184506,2
性价比,玩,0.633,但只要玩了佛顶宫就能值回票价,0.981101,0.0188995,0.958001,2
性价比,玩,0.633,但真正值得玩的就3个景点,0.989764,0.0102361,0.977253,2
性价比,玩,0.633,其余景点可玩可不玩,0.558303,0.441697,0.0184506,2
性价比,玩,0.633,但只要玩了佛顶宫就能值回票价,0.981101,0.0188995,0.958001,2
性价比,玩,0.633,但真正值得玩的就3个景点,0.989764,0.0102361,0.977253,2
性价比,玩,0.633,其余景点可玩可不玩,0.558303,0.441697,0.0184506,2
性价比,玩,0.633,但只要玩了佛顶宫就能值回票价,0.981101,0.0188995,0.958001,2
性价比,票价,0.677,但只要玩了佛顶宫就能值回票价,0.9811,0.0188995,0.958001,2
性价比,感受到,0.6,只有亲身体会才能感受到它的魅力,0.998831,0.00116938,0.997401,2
设施和服务,自助,0.635,东门有寄存行李的自助柜,0.981817,0.0181828,0.959594,2
性价比,用餐,0.61,找不到如何到负一层用餐,0.110789,0.889211,0.753803,0
环境和景观,名胜,0.615,南京牛首山是金陵四大名胜之一,0.993613,0.00638659,0.985808,2
环境和景观,名胜,0.615,南京牛首山是金陵四大名胜之一,0.993613,0.00638659,0.985808,2
性价比,票价,0.677,"145的票价也很值

但是佛顶宫下来座大巴的地方希望能改进",0.995099,0.00490113,0.989109,2
设施和服务,汉服,0.638,挺适合汉服拍照,0.999868,0.000131547,0.999708,2
性价比,感受,0.66,"身临其境
感受—",0.999715,0.000285199,0.999366,2
性价比,票价,0.677,值得票价,0.994739,0.00526083,0.988309,2
设施和服务,设施,0.621,设施设备完善,0.993545,0.00645524,0.985655,2
环境和景观,名胜,0.615,是金陵四大名胜之一,0.996052,0.00394786,0.991227,2
性价比,游玩,0.614,推荐游玩,0.999626,0.000373762,0.99917,2
设施和服务,设施,0.621,配套设施人性化,0.997533,0.00246711,0.994518,2
环境和景观,环境,0.621,环境没进入牛首山之前我们都认为只是个景区,0.229782,0.770218,0.489374,0
设施和服务,服务,0.622,首先要说一下服务,0.410307,0.589693,0.0882073,0
环境和景观,环境优美,0.622,但是环境优美,0.992832,0.00716822,0.984071,2
性价比,玩,0.633,玩了很多地方,0.992728,0.00727229,0.983839,2
性价比,玩,0.633,玩的很开心,0.999967,3.26439e-05,0.999928,2
性价比,有度,0.647,张弛有度,0.989629,0.0103708,0.976954,2
性价比,玩,0.633,我推荐大家来玩,0.999424,0.000575621,0.998721,2
性价比,游玩,0.614,周末约几位朋友来南京游玩,0.994908,0.00509181,0.988685,2
设施和服务,服务,0.622,服务热情,0.964619,0.0353807,0.921376,2
性价比,玩,0.633,我们所有去南京玩的朋友,0.982117,0.0178832,0.960259,2
性价比,深度,0.666,有机会再次来深度游览,0.999763,0.000237151,0.999473,2
性价比,免费,0.624,免费凭身份证入园还是很方便的,0.997971,0.00202923,0.995491,2
文化和历史价值,历史,0.647,多了解历史,0.996909,0.00309152,0.99313,2
文化和历史价值,历史,0.647,解读历史,0.995848,0.00415188,0.990774,2
文化和历史价值,历史,0.647,多了解历史,0.996909,0.00309151,0.99313,2
文化和历史价值,历史,0.647,解读历史,0.995848,0.00415188,0.990774,2
性价比,成人,0.622,学生票还是比正常成人票优惠很多的,0.984516,0.0154843,0.96559,2
性价比,优惠,0.682,学生票还是比正常成人票优惠很多的,0.984516,0.0154843,0.96559,2
性价比,优惠,0.682,去哪里都有优惠哈哈哈哈哈哈哈,0.993876,0.0061241,0.986391,2
性价比,玩吧,0.612,所以大学生们快快出去玩吧,0.968367,0.031633,0.929704,2
性价比,优惠,0.682,学生票还是比正常成人票优惠很多的,0.984516,0.0154843,0.96559,2
性价比,优惠,0.682,去哪里都有优惠哈哈哈哈哈哈哈,0.993876,0.00612411,0.986391,2
性价比,玩,0.633,推荐去玩,0.999276,0.00072406,0.998391,2
性价比,玩,0.633,可以推荐去玩一玩,0.999268,0.000731854,0.998374,2
性价比,便宜,0.689,自己带水便宜多了,0.892273,0.107727,0.760606,2
环境和景观,景观,0.615,大气恢宏的建筑景观,0.999645,0.000355023,0.999211,2
性价比,玩,0.633,暑假带孩子去玩,0.999054,0.000946312,0.997897,2
性价比,感受,0.66,感受牛首山佛顶宫独一无二的美,0.999756,0.000243657,0.999459,2
环境和景观,景观,0.615,基本都是人工景观,0.314791,0.685209,0.300464,0
环境和景观,景观,0.615,几个景观都是人造的,0.0166195,0.98338,0.963068,0
性价比,观赏性,0.739,"
实际也只有山顶的佛教建筑有观赏性了",0.482129,0.517871,0.64258,1
性价比,观赏性,0.739,"但有点观赏性
小路上去有个小禅院",0.867013,0.132987,0.704473,2
性价比,观赏性,0.739,"
实际也只有山顶的佛教建筑有观赏性了",0.482129,0.517871,0.64258,1
性价比,观赏性,0.739,"但有点观赏性
小路上去有个小禅院",0.867013,0.132987,0.704473,2
环境和景观,景观,0.615,基本都是人工景观,0.314791,0.685209,0.300464,0
环境和景观,景观,0.615,几个景观都是人造的,0.0166195,0.98338,0.963068,0
性价比,价值,0.748,建筑有点价值,0.726042,0.273958,0.391205,2
性价比,免费,0.624,200押金租个解说器免费用,0.975309,0.024691,0.945131,2
性价比,涨价,0.657,现在门票涨价了提前预定140多,0.987587,0.0124134,0.972415,2
性价比,原价,0.702,乘着没有恢复原价,0.0804049,0.919595,0.821322,0
性价比,原价,0.702,恢复原价后就是160元了,0.279073,0.720927,0.379837,0
性价比,原价,0.702,乘着没有恢复原价,0.0804049,0.919595,0.821322,0
性价比,原价,0.702,恢复原价后就是160元了,0.279073,0.720927,0.379837,0
设施和服务,票务,0.64,网上订票的话不需要去票务大厅换票,0.94555,0.0544501,0.879,2
设施和服务,票务,0.64,票务大厅有个自动售卖机是卖集章卡的,0.587796,0.412204,0.0839917,2
设施和服务,票务,0.64,网上订票的话不需要去票务大厅换票,0.94555,0.0544501,0.879,2
设施和服务,票务,0.64,票务大厅有个自动售卖机是卖集章卡的,0.587796,0.412204,0.0839917,2
设施和服务,服务,0.622,大厅左手边服务台上还有几个章,0.837221,0.162779,0.638269,2
性价比,有可能,0.618,好多人都有可能放弃去,0.130586,0.869414,0.70981,0
性价比,免费,0.624,有公交车免费送到离得近的地方,0.984048,0.0159523,0.96455,2
性价比,堪称,0.659,佛顶宫的金碧辉煌堪称国内佛教殿堂顶奢了,0.999737,0.000263185,0.999415,2
性价比,免费,0.624,免费登塔,0.993546,0.0064544,0.985657,2
设施和服务,服务态度,0.621,服务态度特别好,0.996367,0.00363275,0.991927,2
性价比,服务态度,0.573,服务态度特别好,0.996367,0.00363274,0.991927,2
性价比,游玩,0.614,第一次游玩,0.99019,0.00980992,0.9782,2
性价比,接驳,0.622,好在有接驳车和电梯,0.838901,0.161099,0.642003,2
性价比,接驳,0.622,坐接驳车排队排了半小时,0.733882,0.266118,0.408627,2
性价比,接驳,0.622,好在有接驳车和电梯,0.838901,0.161099,0.642003,2
性价比,接驳,0.622,坐接驳车排队排了半小时,0.733882,0.266118,0.408627,2
环境和景观,景观,0.615,景观漂亮震撼,0.999897,0.000103069,0.999771,2
环境和景观,环境,0.621,环境很好,0.998906,0.00109376,0.997569,2
性价比,成,0.618,可惜没去成,0.861199,0.138801,0.691553,2
环境和景观,夜景,0.619,晚上的夜景更漂亮,0.999401,0.000598724,0.99867,2
性价比,成人,0.622,门票成人一个160元孩子80元,0.79636,0.20364,0.547466,2
性价比,票价,0.677,但票价太贵,0.390646,0.609354,0.131897,0
性价比,玩赏,0.637,玩赏性价比不高,0.0222876,0.977712,0.950472,0
性价比,性价比,1.0,玩赏性价比不高,0.0222876,0.977712,0.950472,0
性价比,原价,0.702,正好遇上恢复原价,0.971216,0.0287843,0.936035,2
性价比,免费,0.624,军人优待证真的是免费的,0.990846,0.00915398,0.979658,2
设施和服务,设施,0.621,里面从设施,0.6201,0.3799,0.155778,2
性价比,接驳,0.622,爬山过程有接驳车,0.975582,0.0244179,0.945738,2
性价比,接驳,0.622,爬山过程有接驳车,0.975582,0.0244179,0.945738,2
性价比,接驳,0.622,爬山过程有接驳车,0.975582,0.0244179,0.945738,2
性价比,接驳,0.622,爬山过程有接驳车,0.975582,0.0244179,0.945738,2
性价比,而成,0.617,而成了一种失落,0.0286356,0.971364,0.936365,0
性价比,而成,0.617,而成了一种失落,0.0286356,0.971364,0.936365,0
性价比,方可,0.595,交钱方可入内,0.0261305,0.973869,0.941932,0
性价比,而成,0.617,而成了一种失落,0.0286356,0.971364,0.936365,0
性价比,而成,0.617,而成了一种失落,0.0286356,0.971364,0.936365,0
性价比,接驳,0.622,花十元钱做景区接驳车上山,0.464681,0.535319,0.293619,1
环境和景观,景观,0.615,无论是外部的整体造型还是内部的景观都非常漂亮,0.999762,0.000237783,0.999471,2
性价比,成功,0.623,非常感谢帮我预约成功,0.999918,8.20925e-05,0.999818,2
性价比,成功,0.623,没一个成功,0.0127703,0.98723,0.971621,0
性价比,成功,0.623,到了现场在您们平台预约结果成功了,0.958043,0.0419569,0.906762,2
设施和服务,平台,0.625,我昨天开始就在好多平台预约,0.993614,0.00638609,0.985809,2
设施和服务,平台,0.625,到了现场在您们平台预约结果成功了,0.958043,0.0419569,0.906762,2
性价比,成功,0.623,非常感谢帮我预约成功,0.999918,8.20927e-05,0.999818,2
性价比,成功,0.623,没一个成功,0.0127703,0.98723,0.971621,0
性价比,成功,0.623,到了现场在您们平台预约结果成功了,0.958043,0.0419569,0.906762,2
设施和服务,平台,0.625,我昨天开始就在好多平台预约,0.993614,0.00638609,0.985809,2
设施和服务,平台,0.625,到了现场在您们平台预约结果成功了,0.958043,0.0419569,0.906762,2
性价比,成功,0.623,非常感谢帮我预约成功,0.999918,8.20927e-05,0.999818,2
性价比,成功,0.623,没一个成功,0.0127703,0.98723,0.971621,0
性价比,成功,0.623,到了现场在您们平台预约结果成功了,0.958043,0.0419569,0.906762,2
性价比,深度,0.666,如果深度细细玩估计要安排2,0.49719,0.50281,0.943796,1
性价比,玩,0.633,如果深度细细玩估计要安排2,0.49719,0.50281,0.943796,1
性价比,玩,0.633,3天才能玩全,0.967197,0.0328033,0.927104,2
性价比,玩,0.633,还会再去细细玩,0.999917,8.31703e-05,0.999815,2
性价比,玩全,0.602,3天才能玩全,0.967197,0.0328034,0.927104,2
性价比,玩,0.633,如果深度细细玩估计要安排2,0.49719,0.50281,0.943796,1
性价比,玩,0.633,3天才能玩全,0.967197,0.0328033,0.927104,2
性价比,玩,0.633,还会再去细细玩,0.999917,8.31703e-05,0.999815,2
性价比,天价,0.644,耗费天价打造的人工景观,0.209297,0.790703,0.534895,0
环境和景观,景观,0.615,耗费天价打造的人工景观,0.209297,0.790703,0.534895,0
设施和服务,服务,0.622,服务人员极少,0.0131449,0.986855,0.970789,0
性价比,接驳,0.622,景区接驳车要另外付费,0.261618,0.738382,0.418627,0
环境和景观,环境,0.621,环境很好,0.998906,0.00109376,0.997569,2
文化和历史价值,休闲,0.558,适合带孩子放空休闲,0.998835,0.0011653,0.997411,2
环境和景观,环境,0.621,酒店环境,0.987629,0.0123707,0.97251,2
设施和服务,服务,0.622,服务都很棒,0.999034,0.000966424,0.997852,2
性价比,玩,0.633,基本上也玩了6个小时左右了,0.910787,0.0892127,0.80175,2
性价比,用材,0.691,建筑用材奢华大气,0.999446,0.000553593,0.99877,2
性价比,感受到,0.6,才能感受到他的美,0.999927,7.31774e-05,0.999837,2
环境和景观,新景观,0.617,再现当代建筑艺术新景观,0.984592,0.0154078,0.96576,2
设施和服务,设施,0.621,外边的设施可以再完善一下,0.537995,0.462005,0.240093,1
设施和服务,设施,0.621,"
景区内的设施很好",0.995827,0.00417265,0.990727,2
设施和服务,设施,0.621,外边的设施可以再完善一下,0.537996,0.462004,0.240087,1
设施和服务,设施,0.621,"
景区内的设施很好",0.995827,0.00417265,0.990727,2
性价比,科技感,0.857,科技感和豪华感满满的一个景区,0.999483,0.000517197,0.998851,2
性价比,性价比,1.0,性价比超高,0.999914,8.55471e-05,0.99981,2
环境和景观,夜景,0.619,特别是夜景,0.998317,0.0016832,0.99626,2
性价比,玩,0.633,带妈妈来玩的,0.998394,0.00160561,0.996432,2
环境和景观,环境,0.621,但是环境确实是挺好的,0.827221,0.172779,0.616048,2
文化和历史价值,历史,0.647,也有历史古迹,0.996985,0.00301468,0.993301,2
环境和景观,古迹,0.61,也有历史古迹,0.996985,0.00301468,0.993301,2
性价比,游玩,0.614,可以一天游玩,0.996879,0.00312061,0.993065,2
环境和景观,景观,0.615,因为再好的景观也会因为客流量而降低体验感,0.821386,0.178614,0.603079,2
性价比,游玩,0.614,推荐去游玩呦,0.999481,0.000518823,0.998847,2
设施和服务,服务,0.622,景区服务管理都还不错,0.955131,0.0448693,0.90029,2
性价比,接驳,0.622,上下接驳车很方便,0.998471,0.00152902,0.996602,2
性价比,接,0.586,另外也没地方接热水,0.00950738,0.990493,0.978872,0
性价比,游玩,0.614,轻松游玩景区美景,0.998654,0.00134586,0.997009,2
性价比,性价比,1.0,性价比不高,0.00108894,0.998911,0.99758,0
性价比,票价,0.677,值回票价,0.988486,0.0115137,0.974414,2
性价比,游玩,0.614,方便游玩,0.998464,0.00153642,0.996586,2
环境和景观,环境,0.621,环境很干净整洁,0.997679,0.00232126,0.994842,2
性价比,优惠,0.682,优惠,0.977816,0.0221837,0.950703,2
设施和服务,服务,0.622,服务贴心,0.989952,0.0100478,0.977672,2
环境和景观,环境,0.621,环境设计也让人赏心悦目,0.99801,0.00199026,0.995577,2
环境和景观,夜景,0.619,"
金陵小镇夜景不错",0.992591,0.00740944,0.983535,2
性价比,免费,0.624,我老公有军人优待证免费,0.991937,0.00806349,0.982081,2
性价比,半价,0.638,孩子差不多半价,0.761608,0.238392,0.47024,2
环境和景观,景观,0.615,建议坐景观车直接抵达佛顶宫,0.93372,0.0662801,0.852711,2
环境和景观,环境优美,0.622,景区环境优美,0.99701,0.0029901,0.993355,2
性价比,免费,0.624,还有免费公交直达景点,0.997063,0.00293653,0.993474,2
性价比,成人,0.622,"打开携程没想到上面有当日售票
成人票128",0.930076,0.0699239,0.844613,2
性价比,用心,0.639,但处处透露着用心,0.872702,0.127298,0.717115,2
设施和服务,设施,0.621,景区设施很完善,0.996417,0.00358295,0.992038,2
文化和历史价值,文创,0.557,还有文创的卡片盖章哦,0.988923,0.011077,0.975384,2
性价比,成佛,0.612,里面还没有把矿坑开发成佛舍存放地,0.0746708,0.925329,0.834065,0
设施和服务,自助,0.635,但景区自助饮料机付款后没有饮料出来,0.805672,0.194328,0.568161,2
设施和服务,服务,0.622,联系了服务电话也无人问津,0.0246743,0.975326,0.945168,0
设施和服务,服务,0.622,服务,0.394131,0.605869,0.124153,0
性价比,玩,0.633,能看能玩的也就是那个类似金蝉的建筑,0.336899,0.663101,0.251335,0
性价比,玩,0.633,跟老妈去南京玩,0.992759,0.00724061,0.98391,2
环境和景观,环境优美,0.622,环境优美,0.999537,0.00046279,0.998972,2
性价比,接驳,0.622,接驳车速度也很快,0.998549,0.00145136,0.996775,2
性价比,速度,0.705,接驳车速度也很快,0.998549,0.00145136,0.996775,2
性价比,感受,0.66,感受佛教文化,0.999546,0.000454313,0.99899,2
性价比,玩,0.633,应该没有时间玩两个地方,0.439812,0.560188,0.0226408,0
环境和景观,环境,0.621,环境很好,0.998906,0.00109376,0.997569,2
性价比,玩玩,0.634,除了佛顶寺前面的草坪还可以玩玩,0.868724,0.131276,0.708275,2
性价比,感受,0.66,每一层都有不同的感受,0.997875,0.00212467,0.995279,2
环境和景观,环境优美,0.622,环境优美,0.999537,0.00046279,0.998972,2
环境和景观,山清水秀,0.628,山清水秀,0.999664,0.000336415,0.999252,2
性价比,性价比,1.0,景区的观光车性价比高,0.996022,0.00397846,0.991159,2
性价比,半价,0.638,我是赶上活动半价买的门票,0.99449,0.00551034,0.987755,2
性价比,全价,0.664,如果全价买确实有点小贵,0.845287,0.154713,0.656193,2
性价比,感受,0.66,"但是总体给我的感受很一般
交通：极其不便利",0.0822967,0.917703,0.817118,0
设施和服务,共享,0.629,"园区内的共享电动车全部都是摆设
还是继续吐槽交通",0.0165359,0.983464,0.963254,0
环境和景观,文化底蕴,0.619,整个园区无任何文化底蕴,0.00539334,0.994607,0.988015,0
性价比,技术,0.874,我也是完全没有技术拍下来自己,0.00135948,0.998641,0.996979,0
性价比,玩,0.633,我这个本地人去都没办法撒开了玩,0.0933537,0.906646,0.792547,0
性价比,感受到,0.6,让我感受到人山人海的壮观场面,0.99796,0.00204017,0.995466,2
性价比,还价,0.634,100元我们没还价,0.0190217,0.980978,0.95773,0
性价比,挤成,0.617,很多年没坐车挤成这样,0.213813,0.786187,0.524859,0
性价比,免费,0.624,对全国退伍军人免费,0.98379,0.0162102,0.963977,2
性价比,玩遍,0.58,所以景点几乎玩遍了,0.989217,0.0107826,0.976039,2
性价比,评价,0.682,看评价很高,0.994476,0.00552427,0.987724,2
文化和历史价值,历史,0.647,每层都有精美的佛教历史讲解图文壁画,0.999219,0.000781397,0.998264,2
性价比,高效,0.56,建议景区能安排更高效的方式,0.894247,0.105753,0.764994,2
环境和景观,景观,0.615,山顶的景观和地宫最为震撼,0.998906,0.00109353,0.99757,2
性价比,优惠,0.682,成年人无优惠票,0.320304,0.679696,0.288214,0
文化和历史价值,文创,0.557,"
文创产品和餐饮店品类不太多",0.568577,0.431423,0.0412828,2
性价比,性价比,1.0,说实话性价比不是那么高,0.00563362,0.994366,0.987481,0
设施和服务,汉服,0.638,特别是女生可以换个汉服去拍拍拍拍拍拍拍,0.990446,0.00955421,0.978769,2
性价比,性价比,1.0,午饭自助餐厅性价比也不错,0.99834,0.00165984,0.996311,2
性价比,接驳,0.622,接驳的车大排长龙,0.916089,0.0839115,0.81353,2
文化和历史价值,历史,0.647,可以了解一些历史,0.998927,0.00107305,0.997615,2
文化和历史价值,历史,0.647,是南京历史上边有十分著名的一个文化艺术游玩景点,0.999318,0.000682492,0.998483,2
文化和历史价值,历史,0.647,历史上牛首山是一座佛教名胜风景,0.995998,0.00400168,0.991107,2
文化和历史价值,历史,0.647,是南京周边难能可贵的一座人文历史与自然风光紧密联系的旅游景点,0.995923,0.00407682,0.99094,2
性价比,游玩,0.614,是南京历史上边有十分著名的一个文化艺术游玩景点,0.999318,0.000682492,0.998483,2
文化和历史价值,历史,0.647,是南京历史上边有十分著名的一个文化艺术游玩景点,0.999318,0.000682492,0.998483,2
文化和历史价值,历史,0.647,历史上牛首山是一座佛教名胜风景,0.995998,0.00400168,0.991107,2
文化和历史价值,历史,0.647,是南京周边难能可贵的一座人文历史与自然风光紧密联系的旅游景点,0.995923,0.00407682,0.99094,2
环境和景观,名胜,0.615,历史上牛首山是一座佛教名胜风景,0.995998,0.00400168,0.991107,2
环境和景观,人文,0.611,是南京周边难能可贵的一座人文历史与自然风光紧密联系的旅游景点,0.995923,0.00407681,0.99094,2
文化和历史价值,历史,0.647,是南京历史上边有十分著名的一个文化艺术游玩景点,0.999318,0.000682492,0.998483,2
文化和历史价值,历史,0.647,历史上牛首山是一座佛教名胜风景,0.995998,0.00400168,0.991107,2
文化和历史价值,历史,0.647,是南京周边难能可贵的一座人文历史与自然风光紧密联系的旅游景点,0.995923,0.00407682,0.99094,2
性价比,评比,0.635,牛首山就被评比为南京四十八景之一,0.174054,0.825946,0.613212,0
性价比,接触,0.615,可以接触学习感受的内容和文化很少,0.972332,0.027668,0.938516,2
性价比,感受,0.66,可以接触学习感受的内容和文化很少,0.972332,0.027668,0.938516,2
性价比,接驳,0.622,景区有接驳车,0.965779,0.0342209,0.923953,2
性价比,性价比,1.0,性价比超高,0.999914,8.5547e-05,0.99981,2
性价比,感受到,0.6,深入地下即使在夏天也能感受到清凉的感觉,0.997857,0.00214315,0.995237,2
性价比,免费,0.624,这和多年前虽然免费但是什么都没有的牛首山成了鲜明的对比,0.0174403,0.98256,0.961244,0
性价比,成,0.618,这和多年前虽然免费但是什么都没有的牛首山成了鲜明的对比,0.0174403,0.98256,0.961244,0
性价比,玩,0.633,去南京玩很多次,0.995488,0.00451227,0.989973,2
文化和历史价值,历史,0.647,了解南京的文化和历史,0.99845,0.00155025,0.996555,2
性价比,接驳,0.622,做景区接驳车很快就到山上,0.93651,0.0634901,0.858911,2
环境和景观,人文,0.611,里面不管是人文方面还是风景方面都很好,0.999192,0.000808306,0.998204,2
性价比,票价,0.677,转完后能值回这个票价,0.971562,0.0284379,0.936805,2
性价比,费用,0.671,应该是耗费了巨大的费用建造,0.170217,0.829783,0.621741,0
性价比,票价,0.677,票价大幅上涨,0.73378,0.26622,0.408401,2
性价比,免费,0.624,而且还是免费的,0.964956,0.0350442,0.922124,2
环境和景观,卫生,0.62,景区内干净整洁卫生,0.984658,0.015342,0.965907,2
环境和景观,文化底蕴,0.619,有文化底蕴的地方,0.992134,0.00786565,0.982521,2
性价比,票价,0.677,票价一样,0.518392,0.481608,0.632164,1
环境和景观,环境优美,0.622,环境优美,0.999537,0.00046279,0.998972,2
性价比,玩,0.633,但是带孩子来玩的话,0.983172,0.0168285,0.962603,2
性价比,游玩,0.614,有机会会再去游玩的,0.999869,0.000130913,0.999709,2
性价比,游玩,0.614,有机会会再去游玩的,0.999869,0.000130913,0.999709,2
性价比,这位,0.853,这位导游非常认真负责,0.991596,0.0084041,0.981324,2
设施和服务,提供,0.621,为我们提供了详细的馆内藏品的介绍和耐心解答问题,0.995238,0.00476161,0.989419,2
设施和服务,服务,0.622,她的服务让我们的旅行更加有意义和难忘,0.997282,0.00271842,0.993959,2
环境和景观,环境优美,0.622,环境优美,0.999537,0.00046279,0.998972,2
环境和景观,环境,0.621,环境不错地下宫太好了,0.996595,0.00340477,0.992434,2
性价比,游玩,0.614,牛首山游玩真不错,0.995455,0.00454534,0.989899,2
性价比,玩玩,0.634,马马虎虎来玩玩还可以,0.828476,0.171524,0.618836,2
性价比,优惠,0.682,快捷方便还有优惠哦,0.999609,0.000390989,0.999131,2
性价比,游玩,0.614,游玩也挺好,0.999523,0.000476583,0.998941,2
设施和服务,服务,0.622,没啥服务可言,0.00931391,0.990686,0.979302,0
性价比,便宜,0.689,提早一天买票可便宜15元,0.978018,0.0219821,0.951151,2
设施和服务,设施,0.621,景区没有无障碍设施,0.349844,0.650156,0.222569,0
环境和景观,环境,0.621,总体环境良好,0.99681,0.00319038,0.99291,2
环境和景观,环境,0.621,环境很棒,0.999339,0.0006609,0.998531,2
性价比,价格,0.724,景区里面东西价格很合理,0.993742,0.00625764,0.986094,2
性价比,接送,0.599,都会有摆渡车接送,0.990268,0.00973161,0.978374,2
性价比,票价,0.677,票价是每位十元,0.854968,0.145032,0.677706,2
性价比,每位,0.852,票价是每位十元,0.854968,0.145032,0.677706,2
环境和景观,环境,0.621,环境很棒,0.999339,0.0006609,0.998531,2
设施和服务,设施,0.621,景区的配套设施不错,0.985303,0.0146974,0.967339,2
性价比,优惠,0.682,**点评购券有优惠,0.931025,0.0689749,0.846723,2
性价比,优惠,0.682,门票提前一天在携程购买有优惠,0.996162,0.00383755,0.991472,2
环境和景观,环境,0.621,环境非常的好,0.999778,0.000221537,0.999508,2
性价比,游玩,0.614,第一次去是带着公司台湾合作商游玩,0.997617,0.00238347,0.994703,2
性价比,免费,0.624,而且台胞好像是免费的我记着,0.970614,0.0293855,0.934699,2
环境和景观,环境,0.621,环境非常好,0.999791,0.000209196,0.999535,2
性价比,玩,0.633,跟老妈去南京玩,0.992759,0.00724061,0.98391,2
性价比,成人,0.622,攜程成人票優惠更多,0.932702,0.0672981,0.850449,2
性价比,游玩,0.614,占地面积很大值得大家游玩,0.996642,0.00335787,0.992538,2
设施和服务,在线,0.627,孩子活力在线,0.990711,0.00928934,0.979357,2
环境和景观,环境,0.621,主题环境都非常好,0.999896,0.000103998,0.999769,2
设施和服务,服务,0.622,服务热情周到,0.991714,0.00828593,0.981587,2
设施和服务,热情周到,0.63,服务热情周到,0.991714,0.00828593,0.981587,2
性价比,玩玩,0.634,正好带她去玩玩,0.999621,0.000379379,0.999157,2
性价比,玩,0.633,很好玩,0.999972,2.82649e-05,0.999937,2
性价比,玩,0.633,带小孩过去玩,0.993467,0.00653286,0.985482,2
环境和景观,环境,0.621,环境很好,0.998906,0.00109376,0.997569,2
性价比,接送,0.599,有车接送,0.9153,0.0847,0.811778,2
设施和服务,服务,0.622,服务还是可以的,0.683241,0.316759,0.296091,2
环境和景观,环境,0.621,山上环境很好,0.987747,0.0122532,0.972771,2
环境和景观,环境优美,0.622,环境优美,0.999537,0.00046279,0.998972,2
性价比,免费,0.624,景区入口处可免费领地图,0.985072,0.0149281,0.966826,2
性价比,票价,0.677,票价便宜些,0.888882,0.111118,0.753072,2
性价比,便宜,0.689,票价便宜些,0.888882,0.111118,0.753072,2
设施和服务,服务,0.622,没见到服务,0.0423883,0.957612,0.905804,0
性价比,票价,0.677,不过票价不便宜,0.969826,0.0301741,0.932946,2
性价比,便宜,0.689,不过票价不便宜,0.969826,0.0301741,0.932946,2
环境和景观,环境,0.621,环境很棒,0.999339,0.0006609,0.998531,2
环境和景观,环境,0.621,景区整体环境还不错,0.971971,0.0280293,0.937713,2
环境和景观,环境,0.621,景区内环境也很漂亮,0.99928,0.000720398,0.998399,2
环境和景观,环境,0.621,景区整体环境还不错,0.971971,0.0280293,0.937713,2
环境和景观,环境,0.621,景区内环境也很漂亮,0.99928,0.000720398,0.998399,2
环境和景观,环境优美,0.622,环境优美,0.999537,0.00046279,0.998972,2
性价比,玩,0.633,是个带小孩去玩,0.984594,0.0154056,0.965765,2
性价比,感受,0.66,"
整体旅游感受还是挺好的",0.999099,0.000901101,0.997997,2
环境和景观,布局合理,0.625,布局合理,0.992726,0.00727442,0.983835,2
性价比,接驳,0.622,接驳车数量明显不足,0.00155886,0.998441,0.996536,0
性价比,数量,0.586,接驳车数量明显不足,0.00155886,0.998441,0.996536,0
性价比,游玩,0.614,第二次游玩了,0.998637,0.00136295,0.996971,2
性价比,高端,0.598,"

不能说很高端",0.0301468,0.969853,0.933007,0
性价比,价格,0.724,300块钱的价格纯住宿不便宜,0.397284,0.602716,0.117147,0
设施和服务,住宿,0.623,300块钱的价格纯住宿不便宜,0.397284,0.602716,0.117147,0
性价比,便宜,0.689,300块钱的价格纯住宿不便宜,0.397284,0.602716,0.117147,0
性价比,玩过,0.613,玩过出去的时候,0.978616,0.0213841,0.95248,2
性价比,玩,0.633,玩过出去的时候,0.978616,0.0213841,0.95248,2
性价比,玩,0.633,出来玩的搞心态,0.0266472,0.973353,0.940784,0
性价比,接,0.586,"建议直
接买票坐车上去",0.913451,0.0865495,0.807668,2
性价比,趣味性,0.726,就是没啥趣味性,0.281853,0.718147,0.37366,0
性价比,接受,0.908,以前100块的门票还能接受,0.879056,0.120944,0.731236,2
性价比,玩玩,0.634,"
近的可以玩玩",0.987373,0.0126274,0.971939,2
性价比,性价比,1.0,性价比还可以,0.999785,0.000214908,0.999522,2
环境和景观,新景观,0.617,再现当代建筑艺术新景观”,0.957201,0.0427987,0.904892,2
性价比,玩,0.633,第一次来玩牛首山,0.9608,0.0391998,0.91289,2
性价比,价钱,0.733,确实是花了大价钱建造的感觉,0.532527,0.467473,0.349454,1
性价比,接受,0.908,可以接受,0.992005,0.0079947,0.982234,2
性价比,感受,0.66,很难感受这是个清净之地,0.471083,0.528917,0.421666,1
性价比,用电,0.627,问她可以用电子身份证吗？她摇摇头,0.00989923,0.990101,0.978002,0
性价比,玩,0.633,以后有机会还会再来玩,0.999916,8.40658e-05,0.999813,2
性价比,没玩,0.626,就是带着孩子很累了景点没玩全,0.992001,0.00799952,0.982223,2
环境和景观,环境,0.621,环境好,0.995576,0.00442414,0.990169,2
环境和景观,景观,0.615,景观很壮观,0.998771,0.00122919,0.997268,2
环境和景观,环境优美,0.622,超级喜欢门票划算环境优美懂得一去,0.999917,8.32481e-05,0.999815,2
性价比,玩,0.633,时隔6年再次来到牛首山玩,0.989641,0.0103588,0.97698,2
性价比,玩,0.633,这次玩就比较轻松,0.998205,0.00179528,0.99601,2
设施和服务,设施,0.621,这次来设施明显比以前好,0.981344,0.018656,0.958542,2
性价比,玩,0.633,时隔6年再次来到牛首山玩,0.989641,0.0103588,0.97698,2
性价比,玩,0.633,这次玩就比较轻松,0.998205,0.00179528,0.99601,2
性价比,游玩,0.614,但是没影响游玩,0.71346,0.28654,0.363244,2
性价比,玩玩,0.634,建议大家都可以去玩玩,0.990002,0.00999825,0.977782,2
环境和景观,文化底蕴,0.619,有很好的文化底蕴,0.99933,0.000669536,0.998512,2
性价比,接受,0.908,虽然热但是还能接受,0.950781,0.0492188,0.890625,2
性价比,感受,0.66,真实旅游感受,0.975547,0.0244532,0.94566,2
性价比,接近,0.63,去的时候已经接近夏天,0.994502,0.0054979,0.987782,2
环境和景观,地标,0.618,有一个白色的比较有地标性的建筑,0.987209,0.0127911,0.971575,2
性价比,性,0.692,有一个白色的比较有地标性的建筑,0.987209,0.0127911,0.971575,2
环境和景观,景观,0.615,人多没法把这么美的景观全拍下来,0.996854,0.00314649,0.993008,2
设施和服务,自助,0.635,自助饮料机付款后饮料出不来,0.169263,0.830737,0.623861,0
设施和服务,服务,0.622,联系了服务电话也无人问津,0.0246742,0.975326,0.945168,0
性价比,价格,0.724,价格不贵,0.969469,0.0305312,0.932153,2
性价比,票价,0.677,光一个地宫就能值回票价,0.928479,0.0715213,0.841064,2
性价比,玩玩,0.634,适合带老年人去玩玩,0.989846,0.0101544,0.977435,2
文化和历史价值,历史,0.647,这将是历史浪潮中的一项流芳百世的建筑典范,0.991677,0.0083227,0.981505,2
环境和景观,环境优美,0.622,景区环境优美,0.99701,0.0029901,0.993355,2
文化和历史价值,历史,0.647,但少了点历史底韵,0.118788,0.881212,0.736027,0
性价比,性高,0.576,可观性高,0.999297,0.000703447,0.998437,2
性价比,接驳,0.622,但上去需要接驳车,0.831434,0.168566,0.625409,2
性价比,费用,0.671,不在门票费用当中,0.806755,0.193245,0.570566,2
性价比,价格,0.724,就是价格不优惠,0.88872,0.11128,0.752712,2
性价比,优惠,0.682,就是价格不优惠,0.88872,0.11128,0.752712,2
性价比,游玩,0.614,值得游玩,0.999276,0.000723712,0.998392,2
环境和景观,景观,0.615,东门进去景观较多就是舍利子没开,0.882203,0.117797,0.73823,2
环境和景观,环境优美,0.622,环境优美整洁,0.997989,0.0020106,0.995532,2
设施和服务,服务态度,0.621,服务态度好,0.984013,0.0159866,0.964474,2
性价比,服务态度,0.573,服务态度好,0.984013,0.0159866,0.964474,2
性价比,成人,0.622,适合成人旅游观看,0.998506,0.00149369,0.996681,2
性价比,灵性,0.647,万物皆有灵性,0.999384,0.000615767,0.998632,2
性价比,接驳,0.622,接驳车要等蛮久,0.702564,0.297436,0.339032,2
环境和景观,环境,0.621,环境很好,0.998906,0.00109377,0.997569,2
环境和景观,地标,0.618,南京新地标,0.987908,0.0120923,0.973128,2
环境和景观,文化底蕴,0.619,文化底蕴厚实,0.99982,0.000179916,0.9996,2
性价比,性价比,1.0,性价比高非常震撼,0.999991,9.45559e-06,0.999979,2
设施和服务,服务,0.622,服务好,0.984591,0.0154092,0.965757,2
环境和景观,环境,0.621,环境很好值得去看看,0.999695,0.000304479,0.999323,2
环境和景观,环境,0.621,环境不错,0.989503,0.0104973,0.976673,2
设施和服务,服务,0.622,服务好,0.984591,0.0154092,0.965757,2
环境和景观,环境,0.621,景点环境美,0.997857,0.00214281,0.995238,2
设施和服务,服务,0.622,服务好,0.984591,0.0154092,0.965757,2
环境和景观,环境,0.621,景点环境好,0.99242,0.00758037,0.983155,2
环境和景观,环境优美,0.622,环境优美,0.999537,0.00046279,0.998972,2
设施和服务,服务,0.622,南京的服务真的不错,0.992212,0.00778825,0.982693,2
性价比,价格,0.724,价格稍贵,0.0051888,0.994811,0.988469,0
性价比,游玩,0.614,可以慢慢的游玩啊,0.999056,0.00094432,0.997902,2
设施和服务,设施,0.621,景区内设施比较完善,0.9464,0.0535996,0.88089,2
性价比,玩,0.633,玩一圈下来四个小时就差不多了,0.871407,0.128593,0.714237,2
性价比,趣味性,0.726,景区趣味性不大,0.254239,0.745762,0.435026,0
环境和景观,温度,0.635,地宫温度低很舒服,0.995379,0.00462107,0.989731,2
性价比,温度,0.69,地宫温度低很舒服,0.995379,0.00462107,0.989731,2
环境和景观,新景观,0.617,再现当代建筑艺术新景观”,0.957201,0.0427987,0.904892,2
性价比,便宜,0.689,便宜10元,0.642836,0.357164,0.206301,2
设施和服务,服务态度,0.621,服务态度很好,0.991091,0.00890883,0.980203,2
性价比,服务态度,0.573,服务态度很好,0.991091,0.00890883,0.980203,2
环境和景观,环境优美,0.622,环境优美,0.999537,0.00046279,0.998972,2
性价比,用钱,0.6,牛首山是一个用钱砸出来的旅游地,0.00477355,0.995226,0.989392,0
文化和历史价值,历史,0.647,豪华但没看到历史底蕴,0.395192,0.604808,0.121795,0
性价比,用钱,0.6,牛首山是一个用钱砸出来的旅游地,0.00477356,0.995226,0.989392,0
文化和历史价值,历史,0.647,豪华但没看到历史底蕴,0.395192,0.604808,0.121795,0
环境和景观,人文景观,0.612,有人文景观和自然景观设计理念高大上,0.988772,0.0112284,0.975048,2
环境和景观,景观设计,0.625,有人文景观和自然景观设计理念高大上,0.988772,0.0112284,0.975048,2
性价比,游玩,0.614,适合家庭游玩,0.997943,0.00205658,0.99543,2
性价比,玩,0.633,孩子玩的开心,0.999785,0.000214732,0.999523,2
环境和景观,景观,0.615,景观做的很好,0.999192,0.000807891,0.998205,2
性价比,性价比,1.0,性价比较高,0.999714,0.000286219,0.999364,2
性价比,性价比,1.0,性价比较高,0.999714,0.000286219,0.999364,2
环境和景观,环境,0.621,环境很不错,0.996991,0.00300863,0.993314,2
环境和景观,环境,0.621,环境很不错,0.996991,0.00300863,0.993314,2
环境和景观,环境,0.621,环境很不错,0.996991,0.00300863,0.993314,2
性价比,价格,0.724,虽然价格不低,0.156917,0.843083,0.651295,0
性价比,感受,0.66,去感受美和内心的澄澈以及文化的沉淀,0.999965,3.54048e-05,0.999921,2
性价比,游玩,0.614,整体游玩体验尚可,0.967055,0.0329454,0.926788,2
性价比,费用,0.671,短驳车费用略高,0.0123642,0.987636,0.972524,0
性价比,性价比,1.0,性价比很高,0.99989,0.000110221,0.999755,2
环境和景观,夜景,0.619,牛首山确实很美金陵小城的夜景也很不错,0.999095,0.000904786,0.997989,2
设施和服务,服务,0.622,"服务：非常好
环境：非常好
卫生：干净整洁
设施：新颖
整体评价比较高",0.997259,0.0027406,0.99391,2
环境和景观,环境,0.621,"服务：非常好
环境：非常好
卫生：干净整洁
设施：新颖
整体评价比较高",0.997259,0.0027406,0.99391,2
环境和景观,卫生,0.62,"服务：非常好
环境：非常好
卫生：干净整洁
设施：新颖
整体评价比较高",0.997259,0.0027406,0.99391,2
设施和服务,设施,0.621,"服务：非常好
环境：非常好
卫生：干净整洁
设施：新颖
整体评价比较高",0.997259,0.0027406,0.99391,2
性价比,评价,0.682,"服务：非常好
环境：非常好
卫生：干净整洁
设施：新颖
整体评价比较高",0.997259,0.0027406,0.99391,2
设施和服务,平台,0.625,"值得推荐一下
平台价格透明",0.995481,0.00451855,0.989959,2
性价比,价格,0.724,"值得推荐一下
平台价格透明",0.995481,0.00451855,0.989959,2
设施和服务,服务,0.622,"服务：非常好
环境：非常好
卫生：干净整洁
设施：新颖
整体评价比较高",0.997259,0.0027406,0.99391,2
环境和景观,环境,0.621,"服务：非常好
环境：非常好
卫生：干净整洁
设施：新颖
整体评价比较高",0.997259,0.0027406,0.99391,2
环境和景观,卫生,0.62,"服务：非常好
环境：非常好
卫生：干净整洁
设施：新颖
整体评价比较高",0.997259,0.0027406,0.99391,2
设施和服务,设施,0.621,"服务：非常好
环境：非常好
卫生：干净整洁
设施：新颖
整体评价比较高",0.997259,0.0027406,0.99391,2
性价比,评价,0.682,"服务：非常好
环境：非常好
卫生：干净整洁
设施：新颖
整体评价比较高",0.997259,0.0027406,0.99391,2
设施和服务,平台,0.625,"值得推荐一下
平台价格透明",0.995481,0.00451855,0.989959,2
性价比,价格,0.724,"值得推荐一下
平台价格透明",0.995481,0.00451855,0.989959,2
性价比,游玩,0.614,非常满意的一次游玩体验,0.99996,4.0229e-05,0.999911,2
环境和景观,人文景观,0.612,难得一见的人文景观,0.999338,0.000662306,0.998528,2
环境和景观,人文景观,0.612,以前我对人文景观不感兴趣,0.0590443,0.940956,0.868791,0
环境和景观,人文景观,0.612,难得一见的人文景观,0.999338,0.000662306,0.998528,2
环境和景观,人文景观,0.612,以前我对人文景观不感兴趣,0.0590443,0.940956,0.868791,0
性价比,玩,0.633,玩的非常开心,0.999971,2.93065e-05,0.999935,2
环境和景观,环境优美,0.622,环境优美,0.999537,0.00046279,0.998972,2
性价比,接送,0.599,景区内还有接送班车,0.987602,0.0123982,0.972448,2
性价比,物价,0.669,就是物价高的离谱,0.0518264,0.948174,0.88483,0
性价比,票价,0.677,票价也贵,0.139182,0.860818,0.690707,0
性价比,价格,0.724,景点是很漂亮的但是价格有点高,0.98459,0.0154101,0.965756,2
性价比,涨价,0.657,虽然门票涨价到145了,0.921449,0.078551,0.825442,2
文化和历史价值,历史,0.647,历史文化内涵丰厚,0.99956,0.000440085,0.999022,2
文化和历史价值,历史,0.647,历史文化爱好者必打卡之地,0.997502,0.00249809,0.994449,2
文化和历史价值,历史,0.647,历史文化内涵丰厚,0.99956,0.000440085,0.999022,2
文化和历史价值,历史,0.647,历史文化爱好者必打卡之地,0.997502,0.00249809,0.994449,2
性价比,玩,0.633,但是玩的趣味少一些,0.946868,0.0531316,0.88193,2
性价比,便宜,0.689,提前一天买票比现场便宜了10块,0.966398,0.0336022,0.925328,2
环境和景观,景观,0.615,虽然是人造景观,0.700867,0.299133,0.33526,2
性价比,游玩,0.614,但是很值得游玩,0.999775,0.000225049,0.9995,2
性价比,接驳,0.622,有接驳巴士是不错的安排,0.927389,0.0726109,0.838643,2
性价比,堪称,0.659,堪称一流,0.99963,0.000369582,0.999179,2
性价比,玩,0.633,很值得来南京的人来玩,0.999892,0.000107904,0.99976,2
性价比,玩,0.633,来南京游玩的人千万不要错过了呦,0.99973,0.000269649,0.999401,2
性价比,游玩,0.614,来南京游玩的人千万不要错过了呦,0.99973,0.000269649,0.999401,2
设施和服务,汉服,0.638,穿着汉服拍照特别棒,0.999987,1.34082e-05,0.99997,2
环境和景观,环境,0.621,景区环境还是不错,0.930649,0.0693511,0.845886,2
设施和服务,客服,0.641,订票后致电客服,0.542462,0.457538,0.150751,1
设施和服务,客服,0.641,客服回答既不负责任又特别不专业,0.000122528,0.999877,0.999728,0
设施和服务,客服,0.641,订票后致电客服,0.542462,0.457537,0.150751,1
设施和服务,客服,0.641,客服回答既不负责任又特别不专业,0.000122528,0.999877,0.999728,0
性价比,玩,0.633,第一次来玩牛首山,0.9608,0.0391998,0.91289,2
性价比,价钱,0.733,确实是花了大价钱建造的感觉,0.532527,0.467473,0.349454,1
性价比,玩,0.633,第一次来玩牛首山,0.9608,0.0391998,0.91289,2
性价比,价钱,0.733,确实是花了大价钱建造的感觉,0.532527,0.467473,0.349454,1
性价比,综合性,0.645,我觉得很久没看到过这么好看的综合性旅游景点了,0.999444,0.000556247,0.998764,2
性价比,玩,0.633,必玩,0.999277,0.000722904,0.998393,2
性价比,玩,0.633,可以足够玩大半天,0.999009,0.000990675,0.997798,2
性价比,价位,0.761,价位太高,0.000656836,0.999343,0.99854,0
性价比,接驳,0.622,但有接驳车,0.815559,0.184441,0.59013,2
环境和景观,环境,0.621,环境倒是还可以,0.0434836,0.956516,0.90337,0
性价比,玩,0.633,带孩子的可以避开去其他地方玩,0.979375,0.0206245,0.954168,2
性价比,票价,0.677,就是票价98元,0.945345,0.0546547,0.878545,2
设施和服务,设施,0.621,车行的配套设施要是能再完善一下就更好了,0.619519,0.38048,0.154488,2
文化和历史价值,公园,0.555,类似公园或江边的那种电瓶车就非常方便快捷,0.962782,0.0372184,0.917292,2
性价比,速度,0.705,下来的速度其实比上去的药买快很多,0.939412,0.0605881,0.86536,2
性价比,有价值,0.652,真正有价值值得观赏的是弘觉寺,0.994736,0.0052642,0.988302,2
性价比,价格,0.724,3的价格呢,0.440505,0.559495,0.0210996,0
性价比,玩,0.633,小朋友玩就不那么适合了,0.391021,0.608979,0.131065,0
环境和景观,环境,0.621,环境确实不错,0.980606,0.0193938,0.956903,2
性价比,价格,0.724,价格也合理,0.999839,0.000160956,0.999642,2
环境和景观,环境,0.621,环境很好,0.998906,0.00109376,0.997569,2
环境和景观,景观,0.615,坐景观车都要排队排队排队,0.952577,0.0474226,0.894616,2
性价比,票价,0.677,值得一游值回票价,0.998803,0.00119707,0.99734,2
性价比,价位,0.761,价位有点偏高,0.000192502,0.999807,0.999572,0
环境和景观,环境,0.621,环境确实不错,0.980606,0.0193938,0.956903,2
性价比,游玩,0.614,带家人游玩,0.998406,0.00159416,0.996457,2
性价比,免费,0.624,自己用优待证免费换了一张门票进去,0.917257,0.0827428,0.816127,2
性价比,玩,0.633,玩的很开心,0.999967,3.26438e-05,0.999928,2
性价比,接送,0.599,大巴接送速递很快,0.996273,0.00372729,0.991717,2
性价比,接驳,0.622,有接驳巴士是不错的安排,0.927389,0.0726109,0.838643,2
性价比,堪称,0.659,堪称一流,0.99963,0.000369582,0.999179,2
性价比,接驳,0.622,有接驳巴士是不错的安排,0.927389,0.0726109,0.838643,2
性价比,堪称,0.659,堪称一流,0.99963,0.000369581,0.999179,2
环境和景观,保洁,0.635,只看到一个保洁,0.00667269,0.993327,0.985172,0
设施和服务,设施,0.621,在没有遮阳设施,0.025412,0.974588,0.943529,0
设施和服务,设施,0.621,真挚的期望景区接驳能力及遮阳设施能够完善一些,0.918791,0.0812086,0.819536,2
性价比,接受,0.908,纯粹的接受阳光炙烤30分钟后,0.104417,0.895583,0.767962,0
性价比,价格,0.724,矿泉水的价格不记得了,0.188372,0.811628,0.581395,0
性价比,价,0.707,矿泉水的价格不记得了,0.188372,0.811628,0.581395,0
性价比,价,0.707,凉面的味道不值这个价,0.000487414,0.999513,0.998917,0
设施和服务,自助,0.635,观赏结束后有个素食自助,0.986055,0.0139447,0.969012,2
性价比,接驳,0.622,真挚的期望景区接驳能力及遮阳设施能够完善一些,0.918791,0.0812085,0.819537,2
设施和服务,设施,0.621,在没有遮阳设施,0.025412,0.974588,0.943529,0
设施和服务,设施,0.621,真挚的期望景区接驳能力及遮阳设施能够完善一些,0.918791,0.0812086,0.819536,2
性价比,玩得,0.658,玩得很好,0.999886,0.000113709,0.999747,2
文化和历史价值,历史,0.647,首批国家历史文化名城,0.998694,0.00130627,0.997097,2
环境和景观,文化底蕴,0.619,牛首山文化底蕴深厚,0.98431,0.0156899,0.965134,2
性价比,玩,0.633,大家都来玩,0.998856,0.00114375,0.997458,2
设施和服务,各个环节,0.624,园区设计的各个环节,0.8737,0.1263,0.719334,2
性价比,性价比,1.0,性价比高,0.999885,0.000115398,0.999744,2
设施和服务,各个环节,0.624,园区设计的各个环节,0.8737,0.1263,0.719334,2
性价比,性价比,1.0,性价比高,0.999885,0.000115398,0.999744,2
设施和服务,各个环节,0.624,园区设计的各个环节,0.8737,0.1263,0.719334,2
性价比,性价比,1.0,性价比高,0.999885,0.000115398,0.999744,2
性价比,价位,0.761,价位有点偏高,0.000192502,0.999807,0.999572,0
性价比,评价,0.682,总体评价是值得去玩的地方,0.999795,0.000205113,0.999544,2
性价比,玩,0.633,总体评价是值得去玩的地方,0.999795,0.000205113,0.999544,2
性价比,造价,0.695,造价40亿果然名不虚传,0.914955,0.085045,0.811011,2
性价比,游玩,0.614,游玩的不费劲,0.994111,0.00588916,0.986913,2
性价比,游玩,0.614,还是很推荐游玩的,0.998715,0.0012855,0.997143,2
性价比,游玩,0.614,游玩的不费劲,0.994111,0.00588916,0.986913,2
性价比,游玩,0.614,还是很推荐游玩的,0.998715,0.0012855,0.997143,2
性价比,玩,0.633,的确值得玩周末2天建议电梯还一上一下应考虑到老人,0.993492,0.00650781,0.985538,2
设施和服务,服务,0.622,服务做的真的很好了,0.994753,0.00524749,0.988339,2
设施和服务,服务,0.622,而且有志愿者服务～,0.970378,0.0296219,0.934173,2
性价比,免费,0.624,地铁站都有免费的车接送,0.996737,0.00326282,0.992749,2
性价比,接送,0.599,地铁站都有免费的车接送,0.996737,0.00326282,0.992749,2
设施和服务,服务,0.622,服务做的真的很好了,0.994753,0.00524748,0.988339,2
设施和服务,服务,0.622,而且有志愿者服务～,0.970378,0.0296219,0.934174,2
性价比,造价,0.695,不知道造价多少钱,0.0814749,0.918525,0.818945,0
环境和景观,环境,0.621,环境挺好的,0.991093,0.00890685,0.980207,2
环境和景观,保洁,0.635,打听个路连保洁阿姨都不耐烦,0.00210095,0.997899,0.995331,0
环境和景观,人文,0.611,人文太差,0.000450411,0.99955,0.998999,0
性价比,玩,0.633,它适合玩一天了,0.996083,0.00391696,0.991296,2
环境和景观,夜景,0.619,晚上还有美美的夜景等着你,0.999872,0.000128269,0.999715,2
环境和景观,环境,0.621,环境不错,0.989503,0.0104973,0.976673,2
设施和服务,服务,0.622,服务也非常不错,0.999595,0.000404824,0.999101,2
环境和景观,景观,0.615,是个不错的景观,0.998223,0.00177705,0.996051,2
设施和服务,服务态度,0.621,前台小董服务态度很好,0.98837,0.0116298,0.974156,2
性价比,服务态度,0.573,前台小董服务态度很好,0.98837,0.0116298,0.974156,2
设施和服务,自助,0.635,位素食自助挺好的,0.991823,0.00817716,0.981829,2
性价比,价钱,0.733,只是觉得不值这个价钱,0.00129184,0.998708,0.997129,0
性价比,接驳,0.622,就是接驳车数量明显不足,0.154223,0.845777,0.657282,0
性价比,数量,0.586,就是接驳车数量明显不足,0.154224,0.845776,0.657281,0
性价比,价格,0.724,价格优惠,0.992851,0.00714879,0.984114,2
性价比,优惠,0.682,价格优惠,0.992851,0.00714879,0.984114,2
性价比,游玩,0.614,游玩时间四个小时左右,0.937489,0.0625108,0.861087,2
文化和历史价值,公园,0.555,公园环境很美,0.999113,0.000887084,0.998029,2
环境和景观,环境,0.621,公园环境很美,0.999113,0.000887084,0.998029,2
性价比,票价,0.677,160的票价加上景区交通车10元,0.919374,0.0806261,0.820831,2
性价比,价格,0.724,"一共170,说实在的价格有点高了",0.0119962,0.988004,0.973342,0
性价比,性价比,1.0,性价比太低,1.63703e-05,0.999984,0.999964,0
性价比,价,0.707,不值这个价,0.000206286,0.999794,0.999542,0
环境和景观,环境优美,0.622,环境优美,0.999537,0.00046279,0.998972,2
环境和景观,环境,0.621,但是那里的环境很棒,0.960923,0.0390772,0.913162,2
环境和景观,环境,0.621,内部环境,0.707749,0.29225,0.350554,2
环境和景观,环境,0.621,负责我们的宾客关系经理小杨很热情周到很亲切表扬一下周边环境,0.995382,0.00461787,0.989738,2
设施和服务,设施,0.621,要说设施和装潢肯定比不得海棠湾的新酒店,0.0488322,0.951168,0.891484,0
性价比,房价,0.667,房价才是海棠湾亚龙湾的那些酒店的三分之一还不到,0.424299,0.575701,0.0571141,0
性价比,高性价比,1.0,超高性价比,0.999408,0.000591739,0.998685,2
设施和服务,自助,0.635,酒店的自助早餐种类还算多,0.966699,0.0333009,0.925998,2
设施和服务,服务,0.622,当然我对早餐的要求不算高服务,0.613746,0.386254,0.141657,2
设施和服务,服务,0.622,服务非常好呀,0.99896,0.00104022,0.997688,2
设施和服务,服务,0.622,当然我对早餐的要求不算高服务,0.613746,0.386254,0.141657,2
设施和服务,服务,0.622,服务非常好呀,0.99896,0.00104022,0.997688,2
设施和服务,热情周到,0.63,负责我们的宾客关系经理小杨很热情周到很亲切表扬一下周边环境,0.995382,0.00461787,0.989738,2
环境和景观,周边环境,0.615,负责我们的宾客关系经理小杨很热情周到很亲切表扬一下周边环境,0.995382,0.00461787,0.989738,2
性价比,玩,0.633,毕竟我儿子光脚玩了7天,0.973803,0.0261969,0.941785,2
性价比,玩,0.633,我们每天就是早上吃完早餐就到海边玩水玩沙子,0.939651,0.0603491,0.865891,2
性价比,玩,0.633,下午在泳池玩水,0.959301,0.0406993,0.909557,2
性价比,玩水,0.609,我们每天就是早上吃完早餐就到海边玩水玩沙子,0.939651,0.0603491,0.865891,2
性价比,玩水,0.609,下午在泳池玩水,0.959301,0.0406993,0.909557,2
性价比,玩,0.633,毕竟我儿子光脚玩了7天,0.973803,0.0261969,0.941785,2
性价比,玩,0.633,我们每天就是早上吃完早餐就到海边玩水玩沙子,0.939651,0.0603491,0.865891,2
性价比,玩,0.633,下午在泳池玩水,0.959301,0.0406993,0.909557,2
性价比,玩水,0.609,我们每天就是早上吃完早餐就到海边玩水玩沙子,0.939651,0.0603491,0.865891,2
性价比,玩水,0.609,下午在泳池玩水,0.959301,0.0406993,0.909557,2
文化和历史价值,历史,0.647,牛首山的历史可能并不是最长久最精彩的,0.397565,0.602435,0.116523,0
设施和服务,服务,0.622,但是景区配套服务感觉不是很齐,0.942352,0.0576478,0.871894,2
性价比,玩,0.633,和小姐妹一起来玩的,0.996517,0.00348273,0.992261,2
性价比,免费,0.624,错过了牛首山免费开放日？朋友们别急哈,0.447676,0.552324,0.00516481,0
性价比,免费,0.624,"小学生免费

一直在蹲免费游园的学生们你们的福利来了",0.980355,0.0196446,0.956345,2
性价比,免费,0.624,小学生实行免费政策,0.870778,0.129222,0.71284,2
性价比,免费,0.624,"04

免费预约又来啦

你痛失免票游园机会了吗现在",0.85708,0.14292,0.6824,2
性价比,免费,0.624,"00通过携程搜索“南京牛首山文化旅游区”可免费预约7月18日至7月31日固定日期门票
每天每个平台限量500张门票",0.995965,0.0040348,0.991034,2
性价比,优惠,0.682,这就奉上最新优惠游园政策,0.626816,0.373184,0.170702,2
性价比,优惠,0.682,"03

成人年卡六折

你们想要的年卡优惠政策也来啦",0.997371,0.00262855,0.994159,2
性价比,免费,0.624,错过了牛首山免费开放日？朋友们别急哈,0.447676,0.552324,0.00516454,0
性价比,免费,0.624,"小学生免费

一直在蹲免费游园的学生们你们的福利来了",0.980355,0.0196446,0.956345,2
性价比,免费,0.624,小学生实行免费政策,0.870778,0.129222,0.71284,2
性价比,免费,0.624,"04

免费预约又来啦

你痛失免票游园机会了吗现在",0.85708,0.14292,0.6824,2
性价比,免费,0.624,"00通过携程搜索“南京牛首山文化旅游区”可免费预约7月18日至7月31日固定日期门票
每天每个平台限量500张门票",0.995965,0.00403479,0.991034,2
性价比,免费,0.624,错过了牛首山免费开放日？朋友们别急哈,0.447676,0.552324,0.00516454,0
性价比,免费,0.624,"小学生免费

一直在蹲免费游园的学生们你们的福利来了",0.980355,0.0196446,0.956345,2
性价比,免费,0.624,小学生实行免费政策,0.870778,0.129222,0.712839,2
性价比,免费,0.624,"04

免费预约又来啦

你痛失免票游园机会了吗现在",0.85708,0.14292,0.6824,2
性价比,免费,0.624,"00通过携程搜索“南京牛首山文化旅游区”可免费预约7月18日至7月31日固定日期门票
每天每个平台限量500张门票",0.995965,0.0040348,0.991034,2
性价比,免费,0.624,错过了牛首山免费开放日？朋友们别急哈,0.447676,0.552324,0.00516481,0
性价比,免费,0.624,"小学生免费

一直在蹲免费游园的学生们你们的福利来了",0.980355,0.0196446,0.956345,2
性价比,免费,0.624,小学生实行免费政策,0.870778,0.129222,0.71284,2
性价比,免费,0.624,"04

免费预约又来啦

你痛失免票游园机会了吗现在",0.85708,0.14292,0.6824,2
性价比,免费,0.624,"00通过携程搜索“南京牛首山文化旅游区”可免费预约7月18日至7月31日固定日期门票
每天每个平台限量500张门票",0.995965,0.00403479,0.991034,2
性价比,原价,0.702,18岁以上购票人群原价98元,0.792043,0.207957,0.537874,2
性价比,原价,0.702,原价268元,0.603105,0.396895,0.11801,2
设施和服务,平台,0.625,通过携程电商平台搜索“南京牛首山文化旅游区”进入购买渠道,0.976894,0.023106,0.948654,2
设施和服务,平台,0.625,"00通过携程搜索“南京牛首山文化旅游区”可免费预约7月18日至7月31日固定日期门票
每天每个平台限量500张门票",0.995965,0.0040348,0.991034,2
设施和服务,渠道,0.621,通过携程电商平台搜索“南京牛首山文化旅游区”进入购买渠道,0.976894,0.023106,0.948653,2
设施和服务,渠道,0.621,"7月18日至8月31日
通过携程搜索“南京牛首山文化旅游区”进入购买渠道
景区成人年卡打六折",0.97765,0.0223499,0.950334,2
性价比,成人,0.622,"03

成人年卡六折

你们想要的年卡优惠政策也来啦",0.997371,0.00262855,0.994159,2
性价比,成人,0.622,"7月18日至8月31日
通过携程搜索“南京牛首山文化旅游区”进入购买渠道
景区成人年卡打六折",0.97765,0.0223499,0.950334,2
设施和服务,渠道,0.621,通过携程电商平台搜索“南京牛首山文化旅游区”进入购买渠道,0.976894,0.023106,0.948653,2
设施和服务,渠道,0.621,"7月18日至8月31日
通过携程搜索“南京牛首山文化旅游区”进入购买渠道
景区成人年卡打六折",0.97765,0.0223499,0.950334,2
性价比,成人,0.622,"03

成人年卡六折

你们想要的年卡优惠政策也来啦",0.997371,0.00262855,0.994159,2
性价比,成人,0.622,"7月18日至8月31日
通过携程搜索“南京牛首山文化旅游区”进入购买渠道
景区成人年卡打六折",0.97765,0.0223499,0.950334,2
性价比,原价,0.702,18岁以上购票人群原价98元,0.792043,0.207957,0.537874,2
性价比,原价,0.702,原价268元,0.603104,0.396896,0.11801,2
性价比,价,0.707,18岁以上购票人群原价98元,0.792043,0.207957,0.537874,2
性价比,价,0.707,原价268元,0.603105,0.396895,0.11801,2
性价比,价,0.707,张实际到手价160元,0.36454,0.63546,0.189911,0
性价比,囤,0.612,想要年卡囤玩的你抓紧行动,0.988754,0.0112457,0.97501,2
性价比,玩,0.633,想要年卡囤玩的你抓紧行动,0.988754,0.0112457,0.97501,2
性价比,免费,0.624,错过了牛首山免费开放日？朋友们别急哈,0.447676,0.552324,0.00516481,0
性价比,免费,0.624,"小学生免费

一直在蹲免费游园的学生们你们的福利来了",0.980355,0.0196446,0.956345,2
性价比,免费,0.624,小学生实行免费政策,0.870778,0.129222,0.712839,2
性价比,免费,0.624,"04

免费预约又来啦

你痛失免票游园机会了吗现在",0.85708,0.14292,0.6824,2
性价比,免费,0.624,"00通过携程搜索“南京牛首山文化旅游区”可免费预约7月18日至7月31日固定日期门票
每天每个平台限量500张门票",0.995965,0.00403479,0.991034,2
性价比,免费,0.624,错过了牛首山免费开放日？朋友们别急哈,0.447676,0.552324,0.00516454,0
性价比,免费,0.624,"小学生免费

一直在蹲免费游园的学生们你们的福利来了",0.980355,0.0196446,0.956345,2
性价比,免费,0.624,小学生实行免费政策,0.870778,0.129222,0.71284,2
性价比,免费,0.624,"04

免费预约又来啦

你痛失免票游园机会了吗现在",0.85708,0.14292,0.6824,2
性价比,免费,0.624,"00通过携程搜索“南京牛首山文化旅游区”可免费预约7月18日至7月31日固定日期门票
每天每个平台限量500张门票",0.995965,0.0040348,0.991034,2
设施和服务,平台,0.625,通过携程电商平台搜索“南京牛首山文化旅游区”进入购买渠道,0.976894,0.023106,0.948653,2
设施和服务,平台,0.625,"00通过携程搜索“南京牛首山文化旅游区”可免费预约7月18日至7月31日固定日期门票
每天每个平台限量500张门票",0.995965,0.0040348,0.991034,2
文化和历史价值,商业,0.556,如果觉得夫子庙过于商业,0.033967,0.966033,0.924518,0
性价比,便宜,0.689,提前一天买票便宜十块,0.955973,0.0440273,0.902161,2
性价比,机位,0.858,所以卡机位很轻松啦,0.992581,0.00741936,0.983513,2
性价比,机位,0.858,机位要稍微选一下,0.0121518,0.987848,0.972996,0
设施和服务,提供,0.621,如园内提供些四五个人或10来个人的那种短驳车就好了,0.863042,0.136958,0.695648,2
性价比,认知,0.658,就是大热天排队刷新我的认知,0.994051,0.0059488,0.98678,2
环境和景观,环境,0.621,环境很不错尤其是卧佛那个房间真的很漂亮,0.998999,0.00100079,0.997776,2
环境和景观,景观,0.615,景观环境都很好,0.999661,0.000339013,0.999247,2
环境和景观,环境,0.621,景观环境都很好,0.999661,0.000339013,0.999247,2
环境和景观,环境,0.621,里面的环境还是不错,0.900734,0.099266,0.779409,2
性价比,游玩,0.614,这个季节太热了不适合去游玩,0.843371,0.156629,0.651935,2
环境和景观,环境,0.621,环境好,0.995576,0.00442413,0.990169,2
性价比,玩玩,0.634,玩玩还是可以的,0.987687,0.012313,0.972638,2
设施和服务,提供,0.621,要是景点有提供讲解就更好了,0.897382,0.102618,0.771959,2
性价比,票价,0.677,145的票价,0.961694,0.0383057,0.914876,2
环境和景观,环境,0.621,环境特别好,0.999569,0.000431427,0.999041,2
环境和景观,夜景,0.619,夜景非常棒,0.999941,5.94808e-05,0.999868,2
设施和服务,服务,0.622,酒店服务也特别棒,0.999954,4.58845e-05,0.999898,2
性价比,玩,0.633,好玩的,0.999856,0.000143923,0.99968,2
性价比,玩,0.633,我们只玩了几个景点,0.945235,0.0547652,0.8783,2
环境和景观,园林景观,0.617,外面园林景观很美,0.99925,0.000750197,0.998333,2
设施和服务,服务,0.622,服务太少,0.00693288,0.993067,0.984594,0
性价比,游玩,0.614,值得推荐过来游玩,0.999779,0.000221268,0.999508,2
性价比,优惠,0.682,在携程购买门票优惠了50,0.975137,0.0248629,0.944749,2
环境和景观,环境卫生,0.62,牛首山环境卫生很棒,0.994084,0.00591625,0.986853,2
设施和服务,服务,0.622,服务人员也很给力,0.997308,0.00269245,0.994017,2
环境和景观,环境,0.621,但是环境还可以,0.334454,0.665546,0.256768,0
性价比,游玩,0.614,整个游玩过程不累,0.997384,0.00261564,0.994187,2
环境和景观,环境,0.621,环境也不错,0.999346,0.000654405,0.998546,2
性价比,性价比,1.0,性价比高,0.999885,0.000115398,0.999744,2
设施和服务,服务,0.622,服务较好,0.880556,0.119444,0.734569,2
环境和景观,环境,0.621,环境干净整洁,0.996587,0.00341336,0.992415,2
设施和服务,设施,0.621,设施齐全,0.999283,0.00071722,0.998406,2
性价比,性价比,1.0,性价比高,0.999885,0.000115398,0.999744,2
设施和服务,服务,0.622,服务较好,0.880556,0.119444,0.734569,2
环境和景观,环境,0.621,环境干净整洁,0.996587,0.00341336,0.992415,2
设施和服务,设施,0.621,设施齐全,0.999283,0.00071722,0.998406,2
性价比,性价比,1.0,性价比高,0.999885,0.000115398,0.999744,2
设施和服务,服务,0.622,服务较好,0.880556,0.119444,0.734569,2
环境和景观,环境,0.621,环境干净整洁,0.996587,0.00341336,0.992415,2
设施和服务,设施,0.621,设施齐全,0.999283,0.00071722,0.998406,2
性价比,价钱,0.733,总体值这个价钱,0.992066,0.00793407,0.982369,2
性价比,认知,0.658,刷新对佛教圣地的认知,0.98297,0.01703,0.962156,2
性价比,速度,0.705,为什么不能提高下速度呢,0.00388683,0.996113,0.991363,0
性价比,优惠,0.682,如果会员买能在优惠一点就更完美了,0.964036,0.0359641,0.92008,2
设施和服务,服务,0.622,服务有待提升,0.352379,0.647621,0.216935,0
环境和景观,环境,0.621,景区环境也非常好,0.999771,0.000229058,0.999491,2
性价比,游玩,0.614,我觉得是很值得去的一个游玩景点,0.999901,9.94255e-05,0.999779,2
性价比,玩,0.633,很值得去玩的一个地方,0.999935,6.4771e-05,0.999856,2
设施和服务,服务,0.622,服务还需要提升,0.0958131,0.904187,0.787082,0
环境和景观,环境,0.621,环境不错,0.989503,0.0104973,0.976673,2
性价比,玩,0.633,蛮好玩的,0.999769,0.000230561,0.999488,2
性价比,玩,0.633,我是自己一个人去玩的,0.968301,0.0316994,0.929557,2
性价比,技术,0.874,路人的技术挺好的,0.998567,0.00143274,0.996816,2
性价比,玩,0.633,可以来玩,0.997161,0.00283897,0.993691,2
环境和景观,景观,0.615,景观宏伟,0.999318,0.000682325,0.998484,2
设施和服务,自助,0.635,所谓的自助勾选早餐其实没有任何用,0.00129604,0.998704,0.99712,0
设施和服务,维修,0.642,部份场地维修中,0.848035,0.151965,0.6623,2
环境和景观,人文,0.611,对老年人缺少人文关怀,0.0319785,0.968022,0.928937,0
性价比,游玩,0.614,建议游玩直接去佛顶宫,0.924307,0.0756926,0.831794,2
环境和景观,环境优美,0.622,环境优美,0.999537,0.00046279,0.998972,2
性价比,趣味性,0.726,趣味性一般,0.0111792,0.988821,0.975157,0
性价比,游玩,0.614,从视觉到文化到游玩都很不错,0.999745,0.000254834,0.999434,2
设施和服务,设施,0.621,各种设施齐全,0.999722,0.000278046,0.999382,2
环境和景观,景观,0.615,各种景观美丽,0.999872,0.000128325,0.999715,2
性价比,性差,0.676,比观音圣坛观瞻性差一些,0.0952065,0.904793,0.78843,0
设施和服务,服务,0.622,门票处的服务也很人性化,0.99929,0.000709992,0.998422,2
设施和服务,服务,0.622,窗口服务态度友好温和,0.987208,0.0127925,0.971572,2
设施和服务,服务态度,0.621,窗口服务态度友好温和,0.987208,0.0127925,0.971572,2
性价比,服务态度,0.573,窗口服务态度友好温和,0.987208,0.0127925,0.971572,2
设施和服务,汉服,0.638,金陵小城更适合穿汉服拍照,0.999122,0.000878046,0.998049,2
性价比,免费,0.624,路边有志愿者及时引导我们去做免费公交车,0.969685,0.0303149,0.932634,2
性价比,玩,0.633,值的玩,0.999671,0.000329451,0.999268,2
性价比,便宜,0.689,提前一天订便宜点,0.974007,0.0259931,0.942238,2
环境和景观,环境,0.621,景区环境不错,0.987412,0.012588,0.972027,2
性价比,性价比,1.0,性价比,0.998039,0.00196075,0.995643,2
设施和服务,自助,0.635,还好景区里很多自助买水机,0.864672,0.135328,0.699271,2
性价比,价格,0.724,价格又贵了,0.00432166,0.995678,0.990396,0
环境和景观,环境优美,0.622,环境优美自然,0.998887,0.00111278,0.997527,2
环境和景观,环境,0.621,环境不错,0.989503,0.0104973,0.976673,2
性价比,玩,0.633,来南京玩的小伙伴一定要来牛首山,0.999173,0.000826918,0.998162,2
性价比,性价比,1.0,性价比超高的大型景区,0.999886,0.000114422,0.999746,2
性价比,游玩,0.614,建议1天游玩,0.988107,0.0118927,0.973572,2
性价比,涨价,0.657,门票买的时候涨价了一倍,0.764677,0.235323,0.47706,2
性价比,用心,0.639,能看出来设计很用心,0.998713,0.00128659,0.997141,2
性价比,票价,0.677,实在值不回98的票价,0.0354992,0.964501,0.921113,0
环境和景观,景观,0.615,"特别的城市
特别的景观
希望还可以再见
非常感谢
景区",0.994252,0.005748,0.987227,2
设施和服务,咨询,0.632,既没人维护秩序也没法咨询其他问题,0.00516283,0.994837,0.988527,0
性价比,成,0.618,不知道为啥突然成了网红打卡点,0.0051897,0.99481,0.988467,0
性价比,游玩,0.614,不适合大热天游玩,0.279547,0.720453,0.378785,0
设施和服务,服务,0.622,而且里面服务不配套,0.00301474,0.996985,0.993301,0
性价比,价廉物美,0.705,价廉物美,0.999503,0.000496519,0.998897,2
性价比,性价比,1.0,但是性价比不高,0.0343781,0.965622,0.923604,0
性价比,票价,0.677,票价涨太多了,0.65418,0.34582,0.231512,2
性价比,物价,0.669,另外景区内物价偏高,0.116203,0.883797,0.74177,0
设施和服务,提供,0.621,我们这里不提供人工寄存服务,0.146808,0.853192,0.67376,0
设施和服务,服务,0.622,问服务台有没有人工寄存的,0.197999,0.802001,0.560001,0
设施和服务,服务,0.622,我们这里不提供人工寄存服务,0.146808,0.853192,0.67376,0
设施和服务,服务,0.622,还说人工服务寄存更贵,0.00248351,0.997517,0.994481,0
设施和服务,服务,0.622,问服务台有没有人工寄存的,0.197999,0.802001,0.560002,0
设施和服务,服务,0.622,我们这里不提供人工寄存服务,0.146808,0.853192,0.67376,0
设施和服务,服务,0.622,还说人工服务寄存更贵,0.00248351,0.997517,0.994481,0
设施和服务,服务,0.622,本来买这个服务就是想听听导游介绍,0.814306,0.185694,0.587347,2
设施和服务,服务,0.622,还说我们给的钱就是这个服务,0.00291444,0.997086,0.993523,0
设施和服务,服务,0.622,本来买这个服务就是想听听导游介绍,0.814306,0.185694,0.587347,2
设施和服务,服务,0.622,还说我们给的钱就是这个服务,0.00291444,0.997086,0.993523,0
设施和服务,服务态度,0.621,服务态度很不好,0.00250652,0.997493,0.99443,0
性价比,服务态度,0.573,服务态度很不好,0.00250652,0.997493,0.99443,0
性价比,游玩,0.614,第一次南京游玩体验感极差,0.00361936,0.996381,0.991957,0
性价比,便宜,0.689,但是补给站东西又不够或者说便宜的早没了,0.739222,0.260778,0.420492,2
性价比,成都,0.605,仅次于成都,0.983093,0.0169069,0.962429,2
环境和景观,环境,0.621,环境干净,0.994264,0.00573625,0.987253,2
性价比,玩,0.633,太累了就直接上山玩了一会,0.670235,0.329765,0.267189,2
环境和景观,环境,0.621,环境美,0.999636,0.000364432,0.99919,2
环境和景观,卫生,0.62,卫生也特别好,0.999173,0.00082667,0.998163,2
环境和景观,环境优美,0.622,环境优美,0.999537,0.00046279,0.998972,2
性价比,玩,0.633,主要是带着孩子一起来玩的哈,0.999491,0.000509057,0.998869,2
性价比,玩,0.633,主要孩子玩的也开心,0.999769,0.000231222,0.999486,2
性价比,玩,0.633,主要是带着孩子一起来玩的哈,0.999491,0.000509057,0.998869,2
性价比,玩,0.633,主要孩子玩的也开心,0.999769,0.000231221,0.999486,2
环境和景观,环境优美,0.622,环境优美空气清新,0.998175,0.00182457,0.995945,2
环境和景观,景观,0.615,景观建筑让人震撼,0.998726,0.0012744,0.997168,2
性价比,接驳,0.622,接驳车不够,0.0114135,0.988586,0.974637,0
设施和服务,服务,0.622,想要纸质门票留做纪念的服务窗口换取也可以,0.800595,0.199405,0.556877,2
性价比,游玩,0.614,牛首山是一个很值得游玩的地方,0.997975,0.00202499,0.9955,2
文化和历史价值,博览园,0.562,佛教博览园,0.98571,0.0142901,0.968244,2
设施和服务,服务,0.622,但景区服务,0.56739,0.43261,0.0386451,2
性价比,玩,0.633,可以去玩一下,0.990771,0.0092288,0.979491,2
环境和景观,环境,0.621,景区的环境很好看,0.997963,0.00203679,0.995474,2
环境和景观,环境,0.621,环境不错,0.989503,0.0104973,0.976673,2
性价比,玩,0.633,玩的多吃的也多景色超级美,0.999913,8.69992e-05,0.999807,2
性价比,玩,0.633,周末短途旅游可以去玩一玩,0.994516,0.0054836,0.987814,2
性价比,价格,0.724,很方便价格实惠哈哈哈哈,0.999475,0.00052538,0.998832,2
性价比,实惠,0.954,很方便价格实惠哈哈哈哈,0.999475,0.00052538,0.998832,2
性价比,价格,0.724,很方便价格实惠哈哈哈哈,0.999475,0.00052538,0.998832,2
性价比,实惠,0.954,很方便价格实惠哈哈哈哈,0.999475,0.00052538,0.998832,2
设施和服务,服务,0.622,感恩所有的服务,0.992537,0.0074632,0.983415,2
环境和景观,环境,0.621,环境非常有特色,0.999287,0.000712814,0.998416,2
环境和景观,环境优美,0.622,环境优美,0.999537,0.00046279,0.998972,2
性价比,价,0.707,值这个价,0.98612,0.0138797,0.969156,2
性价比,玩,0.633,老人家玩的很开心,0.999879,0.000120976,0.999731,2
性价比,票价,0.677,票价值得,0.998457,0.00154255,0.996572,2
环境和景观,人文,0.611,自然和人文风景都很不错,0.999726,0.000273786,0.999392,2
设施和服务,服务态度,0.621,服务态度服务质量都很好,0.998417,0.0015831,0.996482,2
性价比,服务态度,0.573,服务态度服务质量都很好,0.998417,0.0015831,0.996482,2
性价比,服务质量,0.592,服务态度服务质量都很好,0.998417,0.0015831,0.996482,2
环境和景观,交通不便,0.617,除了交通不便,0.143541,0.856459,0.68102,0
环境和景观,景观,0.615,满意的一个景观,0.999544,0.000455838,0.998987,2
设施和服务,服务,0.622,但景区服务还是很温馨的,0.96142,0.0385805,0.914266,2
性价比,玩得,0.658,玩得很开心,0.999926,7.41463e-05,0.999835,2
性价比,玩得,0.658,玩得很开心,0.999926,7.41463e-05,0.999835,2
环境和景观,环境,0.621,环境特别,0.988402,0.0115978,0.974227,2
设施和服务,服务态度,0.621,服务态度差,0.000913266,0.999087,0.997971,0
性价比,服务态度,0.573,服务态度差,0.000913267,0.999087,0.997971,0
环境和景观,环境,0.621,环境不错,0.989503,0.0104973,0.976673,2
性价比,性价比,1.0,性价比超高,0.999914,8.5547e-05,0.99981,2
性价比,玩得,0.658,玩得开心,0.999871,0.000128725,0.999714,2
环境和景观,卫生,0.62,干净卫生,0.997482,0.00251774,0.994405,2
性价比,无比,0.621,无比精致的景点,0.999881,0.000119362,0.999735,2
环境和景观,景观,0.615,挺牛的人造景观,0.990121,0.00987915,0.978046,2
环境和景观,环境优美,0.622,环境优美,0.999537,0.00046279,0.998972,2
环境和景观,景观,0.615,两个景点的景观都是人工打造,0.629255,0.370745,0.176122,2
性价比,玩,0.633,值得去玩,0.999679,0.000321158,0.999286,2
环境和景观,环境优美,0.622,环境优美,0.999537,0.00046279,0.998972,2
环境和景观,环境,0.621,环境不错,0.989503,0.0104973,0.976673,2
性价比,玩,0.633,玩的很开心,0.999967,3.26438e-05,0.999928,2
环境和景观,环境,0.621,环境不错,0.989503,0.0104973,0.976673,2
性价比,玩,0.633,这次陪亲友来玩,0.999147,0.000853296,0.998104,2
性价比,性价比,1.0,"
性价比没有以前高",0.0719053,0.928095,0.84021,0
设施和服务,设施,0.621,设施完善,0.995036,0.00496427,0.988968,2
性价比,半价,0.638,但是明明学生可以享受半价的,0.351299,0.648701,0.219336,0
性价比,成人,0.622,4米以上一定要买成人票,0.99459,0.0054101,0.987978,2
设施和服务,服务,0.622,服务很好,0.992007,0.00799272,0.982238,2
设施和服务,服务,0.622,服务很好,0.992007,0.00799272,0.982238,2
环境和景观,环境,0.621,环境好,0.995576,0.00442414,0.990169,2
设施和服务,服务,0.622,感恩所有的服务,0.992537,0.0074632,0.983415,2
设施和服务,服务,0.622,感恩所有的服务,0.992537,0.0074632,0.983415,2
性价比,玩,0.633,玩的很开心很舒适,0.999981,1.8765e-05,0.999958,2
设施和服务,服务,0.622,服务好,0.984591,0.0154092,0.965757,2
性价比,玩,0.633,值得去玩的地方,0.999297,0.000702469,0.998439,2
性价比,游玩,0.614,值得游玩,0.999276,0.000723712,0.998392,2
性价比,优惠,0.682,还有优惠,0.992315,0.00768489,0.982922,2
环境和景观,环境,0.621,环境很好,0.998906,0.00109376,0.997569,2
性价比,性价比,1.0,性价比高,0.999885,0.000115398,0.999744,2
环境和景观,景观,0.615,景观,0.985331,0.0146688,0.967403,2
环境和景观,环境优美,0.622,环境优美,0.999537,0.00046279,0.998972,2
性价比,玩,0.633,娃玩的很开心啊,0.999919,8.12418e-05,0.999819,2
环境和景观,环境,0.621,环境可以,0.845196,0.154804,0.655991,2
性价比,评价,0.682,前面评价过了,0.183752,0.816248,0.591662,0
性价比,玩,0.633,玩的挺开心的,0.999866,0.000133765,0.999703,2
设施和服务,服务,0.622,服务细节缺少,0.0179938,0.982006,0.960014,0
性价比,游玩,0.614,很值得去游玩,0.999863,0.000136548,0.999696,2
性价比,玩,0.633,玩的开心,0.999809,0.000191447,0.999575,2
性价比,玩玩,0.634,大家都快去玩玩吧,0.98529,0.0147096,0.967312,2
性价比,造价,0.695,造价惊人,0.31219,0.68781,0.306244,0
环境和景观,环境,0.621,环境不错,0.989503,0.0104973,0.976673,2
性价比,票价,0.677,值回票价,0.988486,0.0115137,0.974414,2
性价比,游玩,0.614,值得去游玩,0.999474,0.00052645,0.99883,2
设施和服务,设施,0.621,设施不错,0.991349,0.00865129,0.980775,2
性价比,玩,0.633,玩的还不错,0.997297,0.00270255,0.993994,2
性价比,接待,0.619,希望景区提高接待能力或者限制人数,0.213768,0.786232,0.52496,0
性价比,价格,0.724,个人觉得价格偏高,0.00663418,0.993366,0.985257,0
环境和景观,景观,0.615,有电梯的室外景观,0.981812,0.0181882,0.959582,2
环境和景观,环境,0.621,环境很美,0.99949,0.000510013,0.998867,2
设施和服务,设施,0.621,很多设施没开放,0.0414044,0.958596,0.90799,0
设施和服务,服务,0.622,这服务的工作人态度真心一般,0.000796059,0.999204,0.998231,0
性价比,接受,0.908,这个工作人员的态度让人无法接受,0.000805373,0.999195,0.99821,0
性价比,接受,0.908,对年青人来讲更容易接受,0.989264,0.0107356,0.976143,2
性价比,角度,0.673,对佛教不是很了解的人也可以纯粹从艺术角度去欣赏,0.985911,0.0140891,0.968691,2
性价比,票价,0.677,票价单程十元,0.848923,0.151077,0.664273,2
性价比,实惠,0.954,实惠一点是接近出口的位置可以吃面,0.910704,0.089296,0.801565,2
性价比,接近,0.63,实惠一点是接近出口的位置可以吃面,0.910704,0.089296,0.801565,2
环境和景观,景观,0.615,很霸气的大榴莲景观,0.999355,0.000644772,0.998567,2
环境和景观,环境,0.621,那边的环境也很不错,0.999027,0.00097332,0.997837,2
环境和景观,环境,0.621,环境不错,0.989503,0.0104973,0.976673,2
性价比,玩得,0.658,"方便快捷
孩子玩得很开心快乐",0.999932,6.79078e-05,0.999849,2
设施和服务,服务,0.622,"
景区配套服务要跟上就好了",0.782267,0.217733,0.516149,2
设施和服务,服务,0.622,景区标识和服务人员有点少,0.815412,0.184588,0.589805,2
设施和服务,服务,0.622,"
景区配套服务要跟上就好了",0.782267,0.217733,0.516149,2
设施和服务,服务,0.622,景区标识和服务人员有点少,0.815412,0.184588,0.589805,2
性价比,游玩,0.614,无论从规模还是游玩体验都没得讲,0.999669,0.000331056,0.999264,2
环境和景观,环境,0.621,环境很优美,0.998994,0.0010062,0.997764,2
性价比,玩,0.633,时间充足可以玩一整天,0.999583,0.000416919,0.999074,2
性价比,玩,0.633,如果玩一整天推荐自带干粮,0.741845,0.258155,0.426322,2
性价比,玩,0.633,时间充足可以玩一整天,0.999583,0.00041692,0.999074,2
性价比,玩,0.633,如果玩一整天推荐自带干粮,0.741845,0.258155,0.426322,2
设施和服务,服务,0.622,酒店服务很好,0.999863,0.000136544,0.999697,2
环境和景观,环境,0.621,房间环境也不错,0.999532,0.00046832,0.998959,2
性价比,接驳,0.622,就是接驳车数量明显不足,0.154223,0.845777,0.657282,0
性价比,数量,0.586,就是接驳车数量明显不足,0.154223,0.845777,0.657282,0
性价比,接驳,0.622,就是接驳车数量明显不足,0.154223,0.845777,0.657282,0
性价比,数量,0.586,就是接驳车数量明显不足,0.154223,0.845777,0.657282,0
设施和服务,设施,0.621,硬件设施看得出是花了不少钱的,0.305354,0.694646,0.321435,0
性价比,用钱,0.6,一个用钱堆出来的一个景区,0.0099388,0.990061,0.977914,0
性价比,玩得,0.658,"方便快捷
孩子玩得很开心快乐",0.999932,6.79078e-05,0.999849,2
性价比,游玩,0.614,值得周末去游玩一下,0.998939,0.0010612,0.997642,2
设施和服务,商品,0.89,不想每一件商品都一样一样地去写好评,0.586208,0.413792,0.0804618,2
设施和服务,商品,0.89,但是这件商品无论是质量,0.211209,0.788791,0.530647,0
设施和服务,商品,0.89,最后当然不可能忘了给这件商品一个好评,0.982808,0.0171915,0.961797,2
设施和服务,商品,0.89,不想每一件商品都一样一样地去写好评,0.586208,0.413792,0.0804619,2
设施和服务,商品,0.89,但是这件商品无论是质量,0.211209,0.788791,0.530647,0
设施和服务,商品,0.89,最后当然不可能忘了给这件商品一个好评,0.982808,0.0171915,0.961797,2
性价比,质量,0.623,但是这件商品无论是质量,0.211209,0.788791,0.530647,0
设施和服务,商品,0.89,不想每一件商品都一样一样地去写好评,0.586208,0.413792,0.0804619,2
设施和服务,商品,0.89,但是这件商品无论是质量,0.211209,0.788791,0.530647,0
设施和服务,商品,0.89,最后当然不可能忘了给这件商品一个好评,0.982808,0.0171915,0.961796,2
设施和服务,服务,0.622,"忘带身份证的需要去服务大厅换取纸质票
我是东门进得",0.921594,0.0784062,0.825764,2
性价比,质量,0.623,在饮食方面质量太差,0.000737251,0.999263,0.998362,0
性价比,价高,0.701,价高物差,0.000664396,0.999336,0.998524,0
环境和景观,环境,0.621,内部环境很庄重严肃,0.996418,0.00358189,0.99204,2
环境和景观,环境,0.621,内部环境很庄重严肃,0.996418,0.00358189,0.99204,2
设施和服务,服务,0.622,景区内的服务员工态度很好,0.982301,0.0176987,0.96067,2
设施和服务,服务,0.622,值得表扬的是交警服务了,0.578615,0.421385,0.0635882,2
性价比,价值,0.748,没什么参观价值,0.023546,0.976454,0.947676,0
性价比,价值,0.748,没什么参观价值,0.023546,0.976454,0.947676,0
性价比,价值,0.748,没什么参观价值,0.023546,0.976454,0.947676,0
性价比,游玩,0.614,适合全家游玩的地方,0.998913,0.00108689,0.997585,2
性价比,接驳,0.622,主要是接驳车实在是人太多了,0.826952,0.173048,0.615449,2
性价比,玩,0.633,来玩牛首山的同学们准备好体力,0.981767,0.0182332,0.959482,2
环境和景观,环境,0.621,风景环境都不错,0.998886,0.00111363,0.997525,2
设施和服务,服务,0.622,服务就差点意思,0.00924585,0.990754,0.979454,0
环境和景观,景观,0.615,景观很震惊,0.915186,0.0848137,0.811525,2
性价比,价,0.707,门票不值这个价,0.00400597,0.995994,0.991098,0
环境和景观,环境,0.621,环境好卫生干净服务很好,0.998818,0.00118181,0.997374,2
环境和景观,卫生,0.62,环境好卫生干净服务很好,0.998818,0.00118181,0.997374,2
设施和服务,服务,0.622,环境好卫生干净服务很好,0.998818,0.00118181,0.997374,2
性价比,价格,0.724,价格略贵,0.0100472,0.989953,0.977673,0
环境和景观,景观,0.615,虽然佛顶宫景观宏大,0.972007,0.0279929,0.937793,2
文化和历史价值,文体,0.551,佛教文体圣地,0.997892,0.00210837,0.995315,2
环境和景观,环境,0.621,环境也非常好,0.999863,0.000136977,0.999695,2
性价比,玩,0.633,带孩子玩很好的体验,0.999848,0.000152343,0.999661,2
文化和历史价值,公园,0.555,公园里面太美了,0.999254,0.000746356,0.998341,2
性价比,收成,0.616,还理直气壮的收成人160元一张门票,0.00040462,0.999595,0.999101,0
性价比,感受,0.66,整个景区游览感受还是非常好的,0.999167,0.000832637,0.99815,2
性价比,价格,0.724,如此不亲民的价格不符合佛陀法义,4.4575e-05,0.999955,0.999901,0
性价比,玩,0.633,假期时候去玩人有点多,0.995628,0.00437188,0.990285,2
性价比,玩,0.633,来玩最好避开游玩的高峰期,0.987646,0.0123538,0.972547,2
性价比,玩,0.633,假期时候去玩人有点多,0.995628,0.00437188,0.990285,2
性价比,玩,0.633,来玩最好避开游玩的高峰期,0.987646,0.0123538,0.972547,2
性价比,游玩,0.614,来玩最好避开游玩的高峰期,0.987646,0.0123538,0.972547,2
设施和服务,服务,0.622,服务好,0.984591,0.0154092,0.965757,2
设施和服务,服务,0.622,买票的时候服务人员很好,0.994633,0.00536668,0.988074,2
设施和服务,服务,0.622,服务好,0.984591,0.0154092,0.965757,2
设施和服务,服务,0.622,买票的时候服务人员很好,0.994633,0.00536668,0.988074,2
性价比,接驳,0.622,排队坐景区接驳车都要很久,0.833568,0.166432,0.630151,2
环境和景观,景观,0.615,不就是一个斥巨资打造的人工景观吗？不知道为啥有那么多人推荐,0.00457687,0.995423,0.989829,0
性价比,玩,0.633,玩的还好,0.979582,0.0204179,0.954627,2
性价比,用心,0.639,我想只要是用心去管理,0.868837,0.131163,0.708527,2
性价比,感受,0.66,然后沿着山脚从西门走到东门感受冬日美景,0.995025,0.00497538,0.988944,2
性价比,感受,0.66,各位自己去感受吧,0.0307415,0.969258,0.931686,0
性价比,感受,0.66,然后沿着山脚从西门走到东门感受冬日美景,0.995025,0.00497538,0.988944,2
性价比,感受,0.66,各位自己去感受吧,0.0307415,0.969258,0.931686,0
性价比,性价比,1.0,牛首山真的性价比超高,0.999506,0.000493857,0.998902,2
性价比,角度,0.673,找好角度基本上不用后期,0.986809,0.013191,0.970687,2
性价比,角度,0.673,拍照角度：晴天的话,0.95853,0.0414698,0.907845,2
性价比,角度,0.673,拍建筑倒影的话要把握好水池的角度和站位,0.908693,0.0913072,0.797095,2
性价比,成人,0.622,门票：成人票预订明日88,0.968878,0.0311219,0.93084,2
性价比,半价,0.638,学生老人儿童半价,0.921109,0.0788907,0.824687,2
性价比,角度,0.673,找好角度基本上不用后期,0.986809,0.013191,0.970687,2
性价比,角度,0.673,拍照角度：晴天的话,0.95853,0.0414698,0.907845,2
性价比,角度,0.673,拍建筑倒影的话要把握好水池的角度和站位,0.908693,0.0913072,0.797095,2
性价比,角度,0.673,找好角度基本上不用后期,0.986809,0.013191,0.970687,2
性价比,角度,0.673,拍照角度：晴天的话,0.95853,0.0414698,0.907845,2
性价比,角度,0.673,拍建筑倒影的话要把握好水池的角度和站位,0.908693,0.0913072,0.797095,2
性价比,站位,0.867,拍建筑倒影的话要把握好水池的角度和站位,0.908693,0.0913073,0.797095,2
性价比,站位,0.867,的站位都在正面,0.851304,0.148696,0.669565,2
性价比,站位,0.867,拍建筑倒影的话要把握好水池的角度和站位,0.908693,0.0913072,0.797095,2
性价比,站位,0.867,的站位都在正面,0.851304,0.148696,0.669565,2
性价比,玩,0.633,孩子们玩的很开心,0.999928,7.22954e-05,0.999839,2
设施和服务,服务,0.622,服务不到位,0.00581563,0.994184,0.987076,0
环境和景观,人文景观,0.612,现在人文景观比较多,0.872496,0.127504,0.716657,2
性价比,游玩,0.614,体力好的完全可以自由游玩,0.99928,0.000720016,0.9984,2
环境和景观,环境,0.621,山上的环境很美,0.993522,0.00647801,0.985605,2
环境和景观,环境,0.621,大环境不错,0.985586,0.0144143,0.967968,2
环境和景观,环境,0.621,景区环境不错,0.987412,0.012588,0.972027,2
性价比,接驳,0.622,坐接驳车要排队,0.924144,0.0758557,0.831432,2
性价比,性价比,1.0,性价比不高,0.00108894,0.998911,0.99758,0
性价比,票价,0.677,景区内容不值票价,0.003656,0.996344,0.991875,0
环境和景观,环境优美,0.622,环境优美,0.999537,0.00046279,0.998972,2
设施和服务,设施,0.621,设施齐全,0.999283,0.00071722,0.998406,2
设施和服务,服务态度,0.621,检票员服务态度差,0.00331944,0.996681,0.992624,0
性价比,服务态度,0.573,检票员服务态度差,0.00331944,0.996681,0.992624,0
性价比,游玩,0.614,游玩项目基本可以说是0,0.870257,0.129743,0.711682,2
环境和景观,卫生,0.62,干净卫生,0.997482,0.00251774,0.994405,2
设施和服务,服务,0.622,尤其前台09服务非常贴心,0.999514,0.000485694,0.998921,2
性价比,游玩,0.614,但是值得游玩,0.997054,0.00294656,0.993452,2
性价比,票价,0.677,很值票价,0.999796,0.00020374,0.999547,2
性价比,玩,0.633,很好玩,0.999972,2.82649e-05,0.999937,2
性价比,玩,0.633,下次有机会还会去玩,0.999942,5.77927e-05,0.999871,2
性价比,性价比,1.0,性价比较高,0.999714,0.000286219,0.999364,2
性价比,价格,0.724,价格比较合适,0.960603,0.0393965,0.912452,2
设施和服务,住宿,0.623,周边住宿交通特别方便,0.992977,0.0070227,0.984394,2
文化和历史价值,历史,0.647,牛首山有很多历史古迹,0.975965,0.024035,0.946589,2
环境和景观,古迹,0.61,牛首山有很多历史古迹,0.975965,0.024035,0.946589,2
性价比,游玩,0.614,值得游玩,0.999276,0.000723712,0.998392,2
环境和景观,环境优美,0.622,环境优美,0.999537,0.00046279,0.998972,2
性价比,摊位,0.858,美食摊位太low,0.0313423,0.968658,0.93035,0
环境和景观,环境优美,0.622,景区环境优美,0.99701,0.0029901,0.993355,2
设施和服务,服务,0.622,就是服务人员比较少,0.990287,0.00971267,0.978416,2
性价比,接驳,0.622,坐接驳车也要排队,0.861095,0.138905,0.691322,2
性价比,游玩,0.614,适合旅游游玩,0.998029,0.00197128,0.995619,2
环境和景观,环境优美,0.622,环境优美,0.999537,0.00046279,0.998972,2
性价比,玩,0.633,没有怎么玩,0.160741,0.839259,0.642797,0
性价比,玩,0.633,如果要去玩,0.863497,0.136503,0.69666,2
性价比,玩,0.633,没有怎么玩,0.160741,0.839259,0.642797,0
性价比,玩,0.633,如果要去玩,0.863497,0.136503,0.69666,2
文化和历史价值,历史,0.647,有佛教相关的历史图等,0.990041,0.00995936,0.977868,2
环境和景观,环境,0.621,环境很优美,0.998994,0.0010062,0.997764,2
性价比,游玩,0.614,推荐大家来南京牛首山文化旅游区游玩,0.994833,0.00516718,0.988517,2
性价比,票价,0.677,票价便宜一些更好,0.954692,0.0453077,0.899316,2
性价比,便宜,0.689,票价便宜一些更好,0.954692,0.0453077,0.899316,2
性价比,高度,0.71,总体高度89,0.930354,0.0696455,0.845232,2
性价比,接受,0.908,接受信众瞻礼参拜的主要场所,0.965073,0.0349265,0.922385,2
性价比,来玩吧,0.646,大家快来玩吧,0.98839,0.0116096,0.974201,2
环境和景观,环境,0.621,环境特别优美,0.999767,0.000233094,0.999482,2
环境和景观,卫生,0.62,干净卫生,0.997482,0.00251774,0.994405,2
性价比,价格,0.724,价格也可接受,0.99653,0.0034702,0.992288,2
性价比,接受,0.908,价格也可接受,0.99653,0.0034702,0.992288,2
性价比,角度,0.673,各个角度都非常出片,0.96594,0.03406,0.924311,2
性价比,价格,0.724,价格不算贵,0.990144,0.00985578,0.978098,2
性价比,游玩,0.614,非常好的一次游玩体验,0.999943,5.7113e-05,0.999873,2
环境和景观,环境,0.621,环境好,0.995576,0.00442414,0.990169,2
设施和服务,服务,0.622,服务好,0.984591,0.0154092,0.965757,2
环境和景观,环境,0.621,环境优雅美观,0.998025,0.00197474,0.995612,2
性价比,票价,0.677,票价有点贵,0.852537,0.147463,0.672305,2
环境和景观,环境,0.621,环境是真的太好,0.984749,0.0152506,0.96611,2
性价比,接,0.586,出来的晚了也有人过来接,0.858795,0.141205,0.686211,2
性价比,游玩,0.614,整体游玩效果体验不错,0.985912,0.0140876,0.968694,2
性价比,游玩,0.614,游玩环境优,0.994071,0.00592923,0.986824,2
环境和景观,环境,0.621,游玩环境优,0.994071,0.00592923,0.986824,2
设施和服务,服务态度,0.621,服务态度好,0.984013,0.0159866,0.964474,2
性价比,服务态度,0.573,服务态度好,0.984013,0.0159866,0.964474,2
性价比,涨价,0.657,门票涨价了,0.894898,0.105102,0.76644,2
性价比,票价,0.677,不值这个票价,0.00025244,0.999748,0.999439,0
文化和历史价值,商业,0.556,到处都是商业感,0.518468,0.481532,0.630637,1
设施和服务,自助,0.635,很好看牛首山里面也非常漂亮还在里面吃了自助,0.999875,0.000125484,0.999721,2
性价比,用心,0.639,可见用心,0.864182,0.135818,0.698182,2
性价比,免费,0.624,但是园区内的大巴车就不能免费？,0.91126,0.08874,0.8028,2
设施和服务,服务,0.622,可只是在乘车的地方问了窗口服务一个路而已,0.0644834,0.935517,0.856704,0
性价比,趣味性,0.726,趣味性一般,0.0111792,0.988821,0.975157,0
性价比,等位,0.853,排队等位的人非常多,0.985641,0.0143592,0.968091,2
性价比,玩,0.633,第一次来南京玩,0.994609,0.00539066,0.988021,2
性价比,免费,0.624,免费的,0.993789,0.00621089,0.986198,2
性价比,感受,0.66,也是别一番感受,0.948151,0.0518486,0.884781,2
环境和景观,新景点,0.604,非常不错的南京新景点,0.999876,0.000124382,0.999724,2
设施和服务,服务设施,0.621,服务设施环境都跟得上,0.892275,0.107725,0.760611,2
环境和景观,环境,0.621,服务设施环境都跟得上,0.892275,0.107725,0.760611,2
性价比,优惠,0.682,携程购票有优惠,0.992147,0.00785342,0.982548,2
性价比,认知,0.658,完全颠覆了大家对佛教寺庙的认知,0.995769,0.00423079,0.990598,2
性价比,科技,0.863,科技,0.988105,0.011895,0.973567,2
性价比,堪称,0.659,堪称世界佛教的奇观,0.990317,0.00968264,0.978483,2
性价比,票价,0.677,88的票价,0.953539,0.0464605,0.896754,2
环境和景观,环境,0.621,希望好好保持景区环境,0.941545,0.0584546,0.870101,2
性价比,玩,0.633,这真是我在南京玩的最干净的室外景点了,0.997728,0.00227252,0.99495,2
文化和历史价值,商业,0.556,但还没有很浓重的商业气息,0.666956,0.333044,0.259902,2
性价比,性价比,1.0,性价比高,0.999885,0.000115398,0.999744,2
环境和景观,卫生状况,0.619,卫生状况真的无法形容,0.00253653,0.997463,0.994363,0
性价比,接待,0.619,景区不具备接待大量游客的应急管理,0.0463022,0.953698,0.897106,0
环境和景观,环境,0.621,据说环境很好,0.986453,0.0135472,0.969895,2
环境和景观,环境,0.621,环境不错,0.989503,0.0104973,0.976673,2
性价比,质量,0.623,质量不错,0.999516,0.000483598,0.998925,2
性价比,质量,0.623,质量不错,0.999516,0.000483598,0.998925,2
性价比,高端,0.598,高端大气上档次,0.999931,6.87827e-05,0.999847,2
性价比,没玩,0.626,没玩尽兴,0.402212,0.597788,0.106195,0
设施和服务,服务,0.622,服务还不错,0.803801,0.196199,0.564001,2
性价比,接驳,0.622,园内接驳车秩序很好,0.994348,0.00565196,0.98744,2
性价比,游玩,0.614,开心的一次游玩,0.999863,0.000136863,0.999696,2
性价比,独特性,0.714,有独特性,0.992021,0.00797881,0.982269,2
环境和景观,环境优美,0.622,环境优美,0.999537,0.00046279,0.998972,2
文化和历史价值,休闲,0.558,休闲旅游好去处,0.999835,0.000164873,0.999634,2
环境和景观,卫生,0.62,房间干净卫生,0.990907,0.00909293,0.979793,2
性价比,游玩,0.614,边游玩边学习,0.996018,0.00398221,0.991151,2
性价比,游玩,0.614,值得游玩的地方,0.998588,0.00141154,0.996863,2
设施和服务,热心,0.623,很热心的导游,0.998387,0.00161275,0.996416,2
性价比,游玩,0.614,值得游玩,0.999276,0.000723712,0.998392,2
性价比,涨价,0.657,听说门票要涨价了,0.966194,0.0338064,0.924875,2
性价比,游玩,0.614,意犹未尽的一次游玩,0.999657,0.000342696,0.999238,2
性价比,用餐,0.61,用餐点有点少,0.953702,0.0462977,0.897116,2
环境和景观,环境优美,0.622,环境优美,0.999537,0.00046279,0.998972,2
性价比,票价,0.677,票价10元,0.864509,0.135491,0.698909,2
环境和景观,环境优美,0.622,环境优美,0.999537,0.00046279,0.998972,2
文化和历史价值,历史,0.647,了解历史,0.999304,0.000695607,0.998454,2
性价比,游玩,0.614,值得游玩,0.999276,0.000723712,0.998392,2
性价比,每位,0.852,喜欢每位美女,0.999415,0.000584564,0.998701,2
设施和服务,自助,0.635,还要吃68元的自助斋饭好吃素菜很多,0.676521,0.323479,0.281157,2
性价比,游玩,0.614,值得过来游玩一天,0.99906,0.000940249,0.99791,2
性价比,游玩,0.614,意犹未尽的一次游玩,0.999657,0.000342696,0.999238,2
环境和景观,环境优美,0.622,环境优美,0.999537,0.00046279,0.998972,2
环境和景观,环境,0.621,环境很好,0.998906,0.00109376,0.997569,2
设施和服务,服务,0.622,服务向导指南等明显管理不足,0.00463353,0.995366,0.989703,0
性价比,物价,0.669,物价高,0.00987792,0.990122,0.978049,0
环境和景观,环境优美,0.622,环境优美,0.999537,0.00046279,0.998972,2
性价比,玩,0.633,孩子们玩的很开心,0.999928,7.22954e-05,0.999839,2
性价比,流量,0.573,流量堆出来的景点,0.541411,0.458589,0.171781,1
性价比,游玩,0.614,值得游玩,0.999276,0.000723712,0.998392,2
性价比,游玩,0.614,非常值得游玩,0.99991,9.02534e-05,0.999799,2
性价比,玩,0.633,值得来玩一下,0.999318,0.000681848,0.998485,2
环境和景观,环境,0.621,环境挺棒的,0.994107,0.00589305,0.986904,2
性价比,名气,0.604,名气比较大,0.498072,0.501928,0.96144,1
性价比,游玩,0.614,轻松游玩,0.999461,0.00053851,0.998803,2
设施和服务,服务态度,0.621,服务态度好,0.984013,0.0159866,0.964474,2
性价比,服务态度,0.573,服务态度好,0.984013,0.0159866,0.964474,2
性价比,玩得,0.658,玩得很开心,0.999926,7.41463e-05,0.999835,2
性价比,玩,0.633,玩的很开心,0.999967,3.26439e-05,0.999928,2
设施和服务,服务,0.622,服务刻板,0.0448761,0.955124,0.900275,0
环境和景观,环境优美,0.622,环境优美,0.999537,0.00046279,0.998972,2
性价比,无比,0.621,无比惊讶,0.996458,0.00354191,0.992129,2
性价比,性价比,1.0,性价比很高,0.99989,0.000110221,0.999755,2
性价比,价格便宜,0.601,价格便宜,0.979637,0.0203627,0.954749,2
环境和景观,卫生,0.62,干净卫生好,0.999221,0.000779222,0.998268,2
性价比,价格便宜,0.601,价格便宜,0.979637,0.0203627,0.954749,2
性价比,游玩,0.614,我就是从马鞍山来牛首山风景区游玩的,0.993988,0.00601165,0.986641,2
性价比,半价,0.638,半价,0.942994,0.0570062,0.87332,2
性价比,涨价,0.657,涨价之后160有些贵了,0.0443117,0.955688,0.901529,0
性价比,价格,0.724,没大型演出这价格高了～,0.0566951,0.943305,0.874011,0
性价比,玩,0.633,孩子玩的很开心,0.999934,6.56488e-05,0.999854,2
环境和景观,文化底蕴,0.619,文化底蕴深厚,0.99907,0.00093004,0.997933,2
环境和景观,名胜,0.615,是金陵四大名胜之一,0.996052,0.00394786,0.991227,2
性价比,玩,0.633,建议玩的走西门,0.967707,0.0322927,0.928238,2
环境和景观,名胜,0.615,历来名胜,0.992806,0.00719354,0.984014,2
环境和景观,环境,0.621,而景区环境也越来越好,0.999029,0.000971381,0.997841,2
性价比,接驳,0.622,而景区接驳车总是排长队,0.878123,0.121877,0.729163,2
性价比,价格,0.724,就是价格有点小贵,0.990927,0.00907278,0.979838,2
设施和服务,设施,0.621,不过里面设施齐全,0.892606,0.107394,0.761346,2
性价比,接受,0.908,也是可以接受的,0.993581,0.0064195,0.985734,2
性价比,感受,0.66,现场感受真的不一样,0.955679,0.0443209,0.901509,2
设施和服务,服务,0.622,就是串珠子的服务略贵,0.994675,0.00532493,0.988167,2
性价比,性价比,1.0,性价比不高,0.00108894,0.998911,0.99758,0
性价比,角度,0.673,各种角度都容易出片,0.350288,0.649712,0.221583,0
性价比,达成,0.598,愿每一位都达成心愿,0.999419,0.000580509,0.99871,2
性价比,游玩,0.614,周围也有可以游玩的山,0.98792,0.0120801,0.973155,2
性价比,高科技,0.553,劳动人民的智慧和高科技的结合打造出可以流传千万年的艺术宝殿,0.998284,0.00171562,0.996187,2
环境和景观,环境优美,0.622,环境优美,0.999537,0.00046279,0.998972,2
性价比,接驳,0.622,有进山的接驳车,0.948759,0.0512408,0.886132,2
性价比,免费,0.624,4m以下儿童免费,0.966659,0.0333407,0.925909,2
性价比,价格,0.724,价格一人160不值,0.00328507,0.996715,0.9927,0
性价比,感受,0.66,感受不一样的庄严,0.999285,0.000715099,0.998411,2
性价比,票价,0.677,票价稍贵,0.915667,0.0843326,0.812594,2
文化和历史价值,文创,0.557,也有一些售卖特色文创和吃饭的地方,0.875895,0.124105,0.72421,2
性价比,价格,0.724,饮料很贵超市的三倍价格,0.060961,0.939039,0.864531,0
性价比,游玩,0.614,牛首山非常值得去游玩一趟,0.99948,0.00052004,0.998844,2
环境和景观,人文景观,0.612,不管是看风景还是看人文景观都是一个非常不错的选择,0.999352,0.000648487,0.998559,2
环境和景观,景观,0.615,不管是看风景还是看人文景观都是一个非常不错的选择,0.999352,0.000648487,0.998559,2
环境和景观,景观,0.615,所以也是能看南侧路线的景观的,0.928634,0.0713663,0.841408,2
性价比,玩,0.633,很少在南京玩,0.669966,0.330034,0.266592,2
环境和景观,环境,0.621,环境很好,0.998906,0.00109377,0.997569,2
性价比,堪称,0.659,佛顶宫的金碧辉煌堪称国内佛教殿堂顶奢了,0.999737,0.000263185,0.999415,2
环境和景观,环境,0.621,景点环境很整洁干净,0.994977,0.00502311,0.988837,2
性价比,感受,0.66,只能用相当震撼来表达当时的感受了,0.997825,0.00217483,0.995167,2
文化和历史价值,休闲,0.558,非常适合远离喧嚣休闲,0.99989,0.000110146,0.999755,2
性价比,感受到,0.6,都让人感受到大自然的生机和活力,0.99856,0.00143963,0.996801,2
设施和服务,提供,0.621,为喜欢挑战自我的游客提供了一个好去处,0.998807,0.00119285,0.997349,2
环境和景观,人文景观,0.612,"

在人文景观方面",0.851286,0.148714,0.669525,2
性价比,堪称,0.659,堪称艺术瑰宝,0.996684,0.00331633,0.99263,2
环境和景观,文化底蕴,0.619,牛首山景区的美景和文化底蕴都让人难以忘怀,0.997123,0.00287728,0.993606,2
文化和历史价值,公园,0.555,牛首山公园面积很大,0.960045,0.0399551,0.911211,2
性价比,接受,0.908,接受信众瞻礼参拜的主要场所,0.965073,0.0349265,0.922385,2
性价比,玩儿,0.627,值得玩儿的不多,0.976471,0.0235292,0.947713,2
性价比,价值,0.748,有看看的价值,0.992629,0.00737054,0.983621,2
性价比,趣味性,0.726,趣味性是一般的,0.238283,0.761717,0.470482,0
性价比,感受,0.66,身临其境感受佛教文化,0.999935,6.50344e-05,0.999855,2
性价比,价格,0.724,虽然价格不便宜,0.593159,0.406841,0.09591,2
性价比,便宜,0.689,虽然价格不便宜,0.593159,0.406841,0.09591,2
性价比,评价,0.682,"现在能找到这么好的地真的不容易了
不愧评价这么高",0.999878,0.000121998,0.999729,2
性价比,票价,0.677,票价偏高,0.00948597,0.990514,0.97892,0
性价比,信价,0.589,信价比不是很高,0.0130451,0.986955,0.971011,0
性价比,游玩,0.614,可步行游玩,0.97849,0.0215096,0.952201,2
性价比,游玩,0.614,非常值得游玩的景点,0.999912,8.8199e-05,0.999804,2
性价比,接驳,0.622,也可坐接驳巴士上山,0.990884,0.00911566,0.979743,2
性价比,游玩,0.614,可步行游玩,0.97849,0.0215096,0.952201,2
性价比,游玩,0.614,非常值得游玩的景点,0.999912,8.8199e-05,0.999804,2
性价比,玩,0.633,玩的地方不多,0.930343,0.0696574,0.845206,2
性价比,游玩,0.614,游玩起来还是比较舒适的,0.99352,0.00648042,0.985599,2
性价比,形式,0.664,形式大于内容吧,0.00125045,0.998749,0.997221,0
性价比,玩,0.633,特别值得玩,0.999914,8.58011e-05,0.999809,2
性价比,感受,0.66,还值得自己去感受下的,0.991415,0.00858487,0.980922,2
性价比,玩玩,0.634,到了南京之后是本地的司机大叔建议我们去玩玩,0.971289,0.0287112,0.936197,2
性价比,玩,0.633,我玩的那天是阴天,0.984776,0.0152244,0.966168,2
环境和景观,温度,0.635,温度也刚刚好,0.999662,0.000337773,0.999249,2
性价比,温度,0.69,温度也刚刚好,0.999662,0.000337773,0.999249,2
文化和历史价值,娱乐,0.567,基本没有娱乐设施,0.0203764,0.979624,0.954719,0
设施和服务,设施,0.621,基本没有娱乐设施,0.0203764,0.979624,0.954719,0
性价比,免费,0.624,不过我看到有免费的佛教书赠送,0.964769,0.0352314,0.921708,2
性价比,优惠,0.682,提前买有优惠呀,0.993828,0.00617227,0.986284,2
设施和服务,便民,0.629,但是各类便民标识不全,0.432911,0.567089,0.0379762,0
设施和服务,服务中心,0.632,西门连个游客服务中心都没有,0.015,0.985,0.966667,0
设施和服务,设施,0.621,无障碍设施有待完善,0.160539,0.839461,0.643248,0
性价比,成片,0.609,这里有成片成片的大草坪,0.989513,0.0104869,0.976696,2
性价比,成片,0.609,这里有成片成片的大草坪,0.989513,0.0104869,0.976696,2
性价比,造价,0.695,听说整个建筑造价不菲,0.906797,0.0932031,0.792882,2
环境和景观,文化底蕴,0.619,文化底蕴深厚,0.99907,0.00093004,0.997933,2
环境和景观,自然景观,0.612,饮马池等自然景观,0.979611,0.0203889,0.954691,2
环境和景观,人文景观,0.612,郑和墓和抗金故垒等人文景观,0.985601,0.0143991,0.968002,2
性价比,接驳,0.622,很震撼有幸参观了释迦摩尼真身头顶骨设立景区拍照很出片风景很好十一去的人有点多不过不影响心情山上很凉快景区管理有序可以不行或者坐接驳大巴,0.99983,0.000170329,0.999622,2
性价比,价格,0.724,就是价格比较贵,0.96357,0.0364298,0.919045,2
性价比,涨价,0.657,好像还刚刚涨价了门票翻了将近一倍,0.358565,0.641435,0.203189,0
性价比,价了,0.617,好像还刚刚涨价了门票翻了将近一倍,0.358565,0.641435,0.20319,0
性价比,价了,0.617,有点不值这个价了,0.000821508,0.999178,0.998174,0
环境和景观,环境优美,0.622,景区环境优美,0.99701,0.0029901,0.993355,2
性价比,玩够,0.569,这次半天确实没有玩够,0.452209,0.547791,0.044179,1
文化和历史价值,历史,0.647,没几个人是真正认真去欣赏佛教历史的,0.433394,0.566606,0.0369012,0
性价比,游玩,0.614,很适合拍照游玩,0.999948,5.18501e-05,0.999885,2
性价比,涨价,0.657,就是门票涨价了145一人,0.998148,0.00185241,0.995884,2
性价比,免费,0.624,西门有免费的路面停车场,0.955474,0.0445259,0.901053,2
性价比,感受,0.66,停车的感受确实一般,0.480776,0.519224,0.615526,1
性价比,接触,0.615,距离接触到佛,0.950386,0.0496135,0.889748,2
性价比,用心,0.639,用心,0.970071,0.0299285,0.933492,2
环境和景观,文化底蕴,0.619,"牛首山的推荐理由：
文化底蕴深厚：牛首山是中国佛教名山之一",0.965325,0.0346746,0.922945,2
环境和景观,文化底蕴,0.619,拥有悠久的历史和丰富的文化底蕴,0.998979,0.00102086,0.997731,2
文化和历史价值,历史,0.647,拥有悠久的历史和丰富的文化底蕴,0.998979,0.00102086,0.997731,2
文化和历史价值,历史,0.647,"
历史遗迹众多：牛首山上有许多历史遗迹和文化古迹",0.951914,0.0480859,0.893143,2
文化和历史价值,历史,0.647,这些历史遗迹可以带游客回到过去,0.985121,0.0148794,0.966935,2
文化和历史价值,历史,0.647,感受历史文化的魅力,0.999859,0.000141195,0.999686,2
环境和景观,文化底蕴,0.619,"牛首山的推荐理由：
文化底蕴深厚：牛首山是中国佛教名山之一",0.965325,0.0346746,0.922945,2
环境和景观,文化底蕴,0.619,拥有悠久的历史和丰富的文化底蕴,0.998979,0.00102086,0.997731,2
性价比,感受到,0.6,可以感受到浓郁的佛教文化氛围,0.999631,0.000368999,0.99918,2
文化和历史价值,历史,0.647,拥有悠久的历史和丰富的文化底蕴,0.998979,0.00102086,0.997731,2
文化和历史价值,历史,0.647,"
历史遗迹众多：牛首山上有许多历史遗迹和文化古迹",0.951914,0.0480858,0.893143,2
文化和历史价值,历史,0.647,这些历史遗迹可以带游客回到过去,0.985121,0.0148794,0.966935,2
文化和历史价值,历史,0.647,感受历史文化的魅力,0.999859,0.000141195,0.999686,2
文化和历史价值,历史,0.647,拥有悠久的历史和丰富的文化底蕴,0.998979,0.00102086,0.997731,2
文化和历史价值,历史,0.647,"
历史遗迹众多：牛首山上有许多历史遗迹和文化古迹",0.951914,0.0480858,0.893143,2
文化和历史价值,历史,0.647,这些历史遗迹可以带游客回到过去,0.985121,0.0148794,0.966935,2
文化和历史价值,历史,0.647,感受历史文化的魅力,0.999859,0.000141195,0.999686,2
环境和景观,古迹,0.61,"
历史遗迹众多：牛首山上有许多历史遗迹和文化古迹",0.951914,0.0480859,0.893143,2
文化和历史价值,历史,0.647,拥有悠久的历史和丰富的文化底蕴,0.998979,0.00102086,0.997731,2
文化和历史价值,历史,0.647,"
历史遗迹众多：牛首山上有许多历史遗迹和文化古迹",0.951914,0.0480858,0.893143,2
文化和历史价值,历史,0.647,这些历史遗迹可以带游客回到过去,0.985121,0.0148794,0.966935,2
文化和历史价值,历史,0.647,感受历史文化的魅力,0.999859,0.000141195,0.999686,2
性价比,感受,0.66,可以感受到浓郁的佛教文化氛围,0.999631,0.000368999,0.99918,2
性价比,感受,0.66,感受历史文化的魅力,0.999859,0.000141195,0.999686,2
文化和历史价值,历史,0.647,拥有悠久的历史和丰富的文化底蕴,0.998979,0.00102086,0.997731,2
文化和历史价值,历史,0.647,"
历史遗迹众多：牛首山上有许多历史遗迹和文化古迹",0.951914,0.0480858,0.893143,2
文化和历史价值,历史,0.647,这些历史遗迹可以带游客回到过去,0.985121,0.0148794,0.966935,2
文化和历史价值,历史,0.647,感受历史文化的魅力,0.999859,0.000141195,0.999686,2
性价比,性质,0.695,可以说是一个宗教性质的旅游景区,0.934171,0.0658288,0.853714,2
性价比,票价,0.677,票价不便宜,0.693767,0.306234,0.319481,2
性价比,便宜,0.689,票价不便宜,0.693767,0.306234,0.319481,2
环境和景观,新景观,0.617,再现当代建筑艺术新景观”,0.957201,0.0427987,0.904892,2
性价比,玩,0.633,很少在南京玩,0.669966,0.330034,0.266592,2
环境和景观,环境,0.621,环境很好,0.998906,0.00109376,0.997569,2
环境和景观,环境,0.621,环境很好,0.998906,0.00109376,0.997569,2
性价比,免费,0.624,景区安排了免费摆渡车送进去,0.977613,0.0223865,0.950252,2
性价比,便宜,0.689,比现场购买便宜10元,0.958441,0.0415586,0.907648,2
环境和景观,环境,0.621,但是那里的环境很棒,0.960923,0.0390772,0.913162,2
性价比,标志性,0.65,是南京文化战略工程和标志性工程,0.990373,0.00962702,0.978607,2
设施和服务,服务,0.622,首先要说一下服务,0.410307,0.589693,0.0882071,0
环境和景观,景观,0.615,从山顶看景观真的很美,0.999361,0.000639476,0.998579,2
性价比,评价,0.682,总体评价较高,0.880904,0.119096,0.735342,2
性价比,艺术性,0.73,"
佛顶宫的艺术性极高斥巨资40亿打造",0.990451,0.00954932,0.978779,2
性价比,堪称,0.659,在建筑细节处堪称完美,0.994783,0.00521669,0.988407,2
环境和景观,环境,0.621,空气清新环境好,0.992173,0.00782708,0.982607,2
性价比,票价,0.677,但我觉得票价应该控制在100内,0.943499,0.0565013,0.874441,2
环境和景观,环境,0.621,景区环境非常好,0.999206,0.00079445,0.998235,2
性价比,接,0.586,一场接一场,0.798909,0.201091,0.553131,2
性价比,优惠,0.682,老人和小孩有优惠票,0.972345,0.027655,0.938544,2
性价比,票价,0.677,票价很高,0.0165011,0.983499,0.963331,0
性价比,票价,0.677,登上佛顶宫就能意识到值回票价了,0.971646,0.0283539,0.936991,2
性价比,票价,0.677,票价很高,0.016501,0.983499,0.963331,0
性价比,票价,0.677,登上佛顶宫就能意识到值回票价了,0.971646,0.0283539,0.936991,2
性价比,票价,0.677,票价很高,0.016501,0.983499,0.963331,0
性价比,票价,0.677,登上佛顶宫就能意识到值回票价了,0.971646,0.0283539,0.936991,2
性价比,票价,0.677,票价很高,0.0165011,0.983499,0.963331,0
性价比,票价,0.677,登上佛顶宫就能意识到值回票价了,0.971646,0.0283539,0.936991,2
设施和服务,平台,0.625,到了平台处就可以看到波光粼粼倒影中的大榴莲了,0.992883,0.00711729,0.984184,2
环境和景观,环境优美,0.622,景区环境优美,0.99701,0.0029901,0.993355,2
性价比,票价,0.677,全票票价提前一天以上订是145元,0.908885,0.0911147,0.797523,2
性价比,票价,0.677,票价偏贵了,0.303363,0.696637,0.325859,0
性价比,票价,0.677,全票票价提前一天以上订是145元,0.908885,0.0911147,0.797523,2
性价比,票价,0.677,票价偏贵了,0.303363,0.696637,0.325859,0
性价比,票价,0.677,还是值这个票价的,0.989786,0.0102144,0.977301,2
文化和历史价值,历史,0.647,历史没有大报恩寺的出名,0.59243,0.40757,0.0942879,2
性价比,成本,0.719,但建筑物投入的成本很高,0.158748,0.841252,0.647227,0
性价比,玩,0.633,很棒景点很棒可以再可以玩一天很棒景点很棒可以再很棒景点很棒可以再很棒景点很棒可,0.999989,1.1342e-05,0.999975,2
性价比,玩,0.633,需要一天行程以再去玩,0.997935,0.00206458,0.995412,2
性价比,玩,0.633,很棒景点很棒可以再可以玩一天很棒景点很棒可以再很棒景点很棒可以再很棒景点很棒可,0.999989,1.1342e-05,0.999975,2
性价比,玩,0.633,需要一天行程以再去玩,0.997935,0.00206458,0.995412,2
设施和服务,设施,0.621,不过景区的设施硬件确实很棒,0.918469,0.0815308,0.81882,2
性价比,玩上,0.607,好好逛逛可以玩上一天,0.999204,0.000795632,0.998232,2
性价比,造价,0.695,造价不菲,0.672468,0.327532,0.272152,2
性价比,免费,0.624,也有志愿的免费讲解,0.993181,0.00681925,0.984846,2
性价比,角度,0.673,所谓大榴莲不知道是角度问题还是拍摄技术问题,0.00547334,0.994527,0.987837,0
性价比,技术,0.874,所谓大榴莲不知道是角度问题还是拍摄技术问题,0.00547334,0.994527,0.987837,0
性价比,感受,0.66,能慢慢的体会感受就完美了,0.995749,0.00425092,0.990554,2
设施和服务,服务,0.622,景区完全可以在佛顶宫一楼安排点服务人员,0.800487,0.199513,0.556639,2
设施和服务,服务,0.622,服务方面有待提升,0.405371,0.594629,0.0991754,0
设施和服务,服务,0.622,景区完全可以在佛顶宫一楼安排点服务人员,0.800487,0.199513,0.556639,2
设施和服务,服务,0.622,服务方面有待提升,0.405371,0.594629,0.0991754,0
设施和服务,服务,0.622,景区完全可以在佛顶宫一楼安排点服务人员,0.800487,0.199513,0.556639,2
设施和服务,服务,0.622,景区完全可以在佛顶宫一楼安排点服务人员,0.800487,0.199513,0.556639,2
设施和服务,服务,0.622,服务方面跟其他景区有点差距的,0.142075,0.857925,0.684278,0
设施和服务,服务,0.622,景区完全可以在佛顶宫一楼安排点服务人员,0.800487,0.199513,0.556639,2
设施和服务,服务,0.622,服务方面跟其他景区有点差距的,0.142075,0.857925,0.684278,0
性价比,可比,0.658,实景的视觉震撼力绝非图片可比,0.99946,0.000540235,0.9988,2
性价比,票价,0.677,之前我和家人都在纠结票价这么贵,0.592832,0.407168,0.0951819,2
性价比,价值,0.748,都是“价值”极高啊,0.803355,0.196645,0.563011,2
环境和景观,人文景观,0.612,40亿打造的人文景观还是很震撼的,0.998626,0.0013736,0.996948,2
文化和历史价值,公园,0.555,公园10元,0.816191,0.183809,0.591536,2
环境和景观,环境优美,0.622,环境优美,0.999537,0.00046279,0.998972,2
环境和景观,景观,0.615,看到了牛首山的美丽景观,0.998734,0.00126558,0.997188,2
性价比,票价,0.677,而且票价也不贵,0.998798,0.00120151,0.99733,2
性价比,游玩,0.614,适合老人孩子一同游玩,0.998713,0.00128677,0.997141,2
设施和服务,住宿,0.623,这家酒店住宿环境优雅,0.997945,0.00205532,0.995433,2
环境和景观,环境,0.621,这家酒店住宿环境优雅,0.997945,0.00205532,0.995433,2
性价比,深受,0.635,深受顾客好评1,0.997533,0.00246747,0.994517,2
设施和服务,设施,0.621,设施齐全,0.999283,0.00071722,0.998406,2
设施和服务,设施,0.621,设施齐全,0.999283,0.000717218,0.998406,2
性价比,质量,0.623,且早餐质量高,0.995457,0.00454279,0.989905,2
性价比,性价比,1.0,性价比很高2,0.999653,0.000346956,0.999229,2
设施和服务,服务,0.622,服务周到,0.993183,0.00681709,0.984851,2
设施和服务,服务,0.622,"
前台服务热情",0.936321,0.0636786,0.858492,2
设施和服务,服务,0.622,前台人员服务好且主动,0.976017,0.0239833,0.946704,2
设施和服务,服务,0.622,服务到位2,0.934048,0.0659522,0.853439,2
设施和服务,服务,0.622,前台服务非常贴心1,0.99747,0.00253004,0.994378,2
设施和服务,服务,0.622,还有服务态度贴心,0.995732,0.00426808,0.990515,2
设施和服务,服务,0.622,服务周到,0.993183,0.00681709,0.984851,2
设施和服务,服务,0.622,"
前台服务热情",0.936321,0.0636786,0.858492,2
设施和服务,服务,0.622,前台人员服务好且主动,0.976017,0.0239833,0.946704,2
设施和服务,服务,0.622,服务到位2,0.934048,0.0659522,0.853439,2
设施和服务,服务,0.622,前台服务非常贴心1,0.99747,0.00253004,0.994378,2
设施和服务,服务,0.622,还有服务态度贴心,0.995732,0.00426808,0.990515,2
设施和服务,服务,0.622,服务周到,0.993183,0.00681709,0.984851,2
设施和服务,服务,0.622,"
前台服务热情",0.936321,0.0636786,0.858492,2
设施和服务,服务,0.622,前台人员服务好且主动,0.976017,0.0239833,0.946704,2
设施和服务,服务,0.622,服务到位2,0.934048,0.0659522,0.85344,2
设施和服务,服务,0.622,前台服务非常贴心1,0.99747,0.00253004,0.994378,2
设施和服务,服务,0.622,还有服务态度贴心,0.995732,0.00426808,0.990515,2
设施和服务,服务态度,0.621,还有服务态度贴心,0.995732,0.00426808,0.990515,2
性价比,服务态度,0.573,还有服务态度贴心,0.995732,0.00426808,0.990515,2
性价比,免费,0.624,前台帮忙免费打印文件,0.965278,0.0347224,0.922839,2
设施和服务,设施,0.621,设施齐全,0.999283,0.00071722,0.998406,2
设施和服务,设施,0.621,设施齐全,0.999283,0.00071722,0.998406,2
文化和历史价值,公园,0.555,宫和公园的全景都可以看得到,0.998909,0.00109111,0.997575,2
性价比,玩玩,0.634,有时间大家可以多玩玩,0.995994,0.00400626,0.991097,2
设施和服务,服务,0.622,景区完全可以在佛顶宫一楼安排点服务人员,0.800487,0.199512,0.556639,2
设施和服务,服务,0.622,服务方面有待提升,0.405371,0.594629,0.0991754,0
设施和服务,服务,0.622,景区完全可以在佛顶宫一楼安排点服务人员,0.800487,0.199513,0.556639,2
设施和服务,服务,0.622,服务方面有待提升,0.405371,0.594629,0.0991755,0
性价比,感受,0.66,就这一点感受极差,0.000157262,0.999843,0.99965,0
环境和景观,景观,0.615,部分景观和区域还在施工装修未开放,0.344915,0.655085,0.233522,0
设施和服务,服务,0.622,作为旅游热点城市应该有个为游客着想提供方便服务的心态,0.800572,0.199428,0.556827,2
性价比,票价,0.677,票价也值,0.99987,0.000130272,0.99971,2
性价比,接驳,0.622,不用等待接驳车和花钱,0.939756,0.0602437,0.866125,2
性价比,接受,0.908,年轻人可以接受,0.97727,0.0227297,0.94949,2
性价比,认知,0.658,对佛教知识认知深的来,0.999166,0.000833733,0.998147,2
环境和景观,夜景,0.619,要晚一点过去看夜景,0.984744,0.0152559,0.966098,2
性价比,玩,0.633,建议在牛首山多玩一会儿,0.904519,0.0954812,0.78782,2
设施和服务,自助,0.635,是自助的形式,0.783264,0.216736,0.518364,2
性价比,形式,0.664,是自助的形式,0.783264,0.216736,0.518364,2
性价比,便宜,0.689,滴滴应该会在便宜点,0.532422,0.467578,0.351558,1
设施和服务,提供,0.621,可以提供食宿,0.99097,0.00902993,0.979934,2
性价比,信价,0.589,没试过不知道信价比如何,0.0414926,0.958507,0.907794,0
性价比,接受,0.908,一般可以接受,0.476066,0.523934,0.521323,1
性价比,评价,0.682,"由此可见牛首山的风景在人们眼中有着很高的评价,而在牛首山山内佛顶宫供奉佛教界至高圣物——释迦牟尼佛顶骨舍利",0.980358,0.0196416,0.956352,2
